Student_ID,Name,Age,Study_Hours,Attendance,Previous_Marks,Assignments,Backlogs,Internet_Access,Pass
10001,Student_1,19,5.8,88.1,75.5,2,0,No,0
10002,Student_2,23,6.1,92,62.9,7,2,No,0
10003,Student_3,21,5.9,71,70.9,3,2,Yes,1
10004,Student_4,20,5,64.1,76.1,10,0,Yes,0
10005,Student_5,19,4.4,88.2,59.3,2,0,Yes,1
10006,Student_6,19,4.5,83,66.8,10,3,Yes,1
10007,Student_7,18,4.4,79.3,67.1,8,0,Yes,1
10008,Student_8,22,7.1,82.6,80.4,3,2,No,1
10009,Student_9,20,6,81.9,52,7,0,No,1
10010,Student_10,21,0.2,93.4,67.2,9,0,No,1
10011,Student_11,17,6.1,93.5,96.7,3,0,Yes,1
10012,Student_12,23,5.2,84.5,85.5,6,0,Yes,1
10013,Student_13,22,4.8,88.1,,7,0,Yes,1
10014,Student_14,19,4,84.2,,4,0,Yes,1
10015,Student_15,19,7,72.5,,3,1,Yes,1
10016,Student_16,,6.7,87.1,,7,4,Yes,0
10017,Student_17,19,3.3,61.3,,4,0,Yes,1
10018,Student_18,20,5.6,90.6,,3,0,Yes,0
10019,Student_19,20,2.9,63.7,,2,0,Yes,1
10020,Student_20,19,2,81.4,,9,0,Yes,1
10021,Student_21,20,3.5,67.9,,2,0,Yes,1
10022,Student_22,18,6.5,84.6,57.9,6,0,Yes,1
10023,Student_23,19,6.7,77.6,49.2,7,0,Yes,1
10024,Student_24,19,5.8,58.9,59.7,4,0,Yes,1
10025,Student_25,20,6.3,83,47,8,0,Yes,1
10026,Student_26,21,5.8,71.1,99.4,3,1,Yes,1
10027,Student_27,19,3.5,88.6,67.7,8,0,Yes,1
10028,Student_28,20,5.7,78,67.1,3,2,Yes,1
10029,Student_29,20,6.4,82.7,76.8,6,2,No,1
10030,Student_30,18,6.3,66.5,82.4,8,3,No,1
10031,Student_31,45,7.2,70.9,82.2,4,2,Yes,1
10032,Student_32,12,6.2,72.5,84.1,5,0,Yes,1
10033,Student_33,18,5.5,88.3,58.5,2,0,No,0
10034,Student_34,23,6.9,98.1,63.5,4,0,Yes,1
10035,Student_35,23,4.7,68.3,79.5,10,1,Yes,1
10036,Student_36,21,3,90.9,60.1,6,2,No,1
10037,Student_37,19,4.5,52,67.9,9,2,Yes,1
10038,Student_38,18,3.3,63.7,74,3,0,No,1
10039,Student_39,21,3.4,66.5,79.8,4,1,Yes,0
10040,Student_40,20,4.5,61.8,41.3,8,0,Yes,0
10041,Student_41,18,3.2,59,78.7,5,0,No,0
10042,Student_42,20,4.2,83,64.5,10,1,Yes,1
10043,Student_43,18,1,,78.6,8,0,Yes,0
10044,Student_44,22,5.2,82.6,79.7,2,4,Yes,1
10045,Student_45,19,4.8,86.3,92.1,5,0,Yes,1
10046,Student_46,21,3.2,81.2,88.3,7,2,Yes,1
10047,Student_47,19,6.1,85.9,88.2,7,0,Yes,1
10048,Student_48,20,6.7,77.2,89.7,7,1,Yes,1
10049,Student_49,20,1.6,63.8,72.4,6,1,Yes,1
10050,Student_50,19,3.3,90.7,68.5,4,2,Yes,1
10051,Student_51,23,3.3,70.9,81.1,3,0,Yes,0
10052,Student_52,21,2.9,66.8,79,4,3,No,1
10053,Student_53,,6.5,75.9,63.4,10,0,Yes,1
10054,Student_54,22,4.4,67,74.1,4,0,Yes,1
10055,Student_55,20,4.3,73,67.5,4,0,Yes,1
10056,Student_56,22,0.8,82.1,55.2,2,1,No,0
10057,Student_57,18,6.1,82.2,87.4,3,0,Yes,1
10058,Student_58,19,2.3,67.2,68.8,4,1,Yes,1
10059,Student_59,,4.9,72.1,98.7,3,1,Yes,1
10060,Student_60,19,5.4,90.9,43.6,9,0,Yes,1
10061,Student_61,,7.5,84,59.6,7,3,Yes,1
10062,Student_62,19,2.2,100,68.5,8,0,Yes,1
10063,Student_63,21,0.2,92.2,85.1,2,2,Yes,0
10064,Student_64,19,5.2,91.7,74,7,0,Yes,1
10065,Student_65,19,8.4,61.3,72.7,3,0,No,1
10066,Student_66,20,7.3,87.2,51.1,7,0,No,0
10067,Student_67,18,5.2,77.4,50.6,4,0,Yes,1
10068,Student_68,21,3.8,71.4,72.8,8,0,Yes,1
10069,Student_69,18,6.4,80,47.5,4,0,Yes,1
10070,Student_70,24,2.9,89.3,60,10,0,Yes,1
10071,Student_71,21,5.8,110,75.5,4,0,Yes,1
10072,Student_72,19,5.8,-5,53.3,8,0,No,1
10073,Student_73,17,6.9,86.9,92.1,5,1,Yes,1
10074,Student_74,21,10,70.3,86.4,9,0,Yes,1
10075,Student_75,21,5.6,80.6,44.4,3,2,Yes,1
10076,Student_76,21,3.8,74.4,54,9,1,Yes,0
10077,Student_77,21,4.7,75.4,33.7,10,1,Yes,1
10078,Student_78,18,1.3,87.2,56.3,9,1,Yes,1
10079,Student_79,19,3.4,65.5,79.5,7,0,Yes,1
10080,Student_80,18,4,100,61.8,2,1,Yes,1
10081,Student_81,22,3.8,56.1,74.9,8,0,Yes,1
10082,Student_82,20,5.1,70.8,45.2,2,2,Yes,1
10083,Student_83,19,3.2,82.4,80,8,1,No,0
10084,Student_84,18,7,85,59.7,3,0,No,1
10085,Student_85,19,4.8,76.8,68.2,9,1,Yes,1
10086,Student_86,19,4.8,77.3,66.6,3,0,Yes,0
10087,Student_87,21,4.1,82.9,48.9,4,0,No,0
10088,Student_88,20,5.1,75.2,,4,0,Yes,0
10089,Student_89,22,6.5,94.7,82.5,2,1,Yes,0
10090,Student_90,20,3.1,88.1,74,6,1,Yes,1
10091,Student_91,18,3.5,88.5,105,6,1,Yes,1
10092,Student_92,21,4.2,66.4,-10,6,0,Yes,1
10093,Student_93,21,2.1,77,70.1,10,0,Yes,1
10094,Student_94,20,3.2,74.4,42.1,7,1,No,0
10095,Student_95,21,3.8,65.9,63.9,7,0,Yes,1
10096,Student_96,20,6.5,82.3,67.6,4,1,Yes,1
10097,Student_97,20,5.3,71.5,97.3,6,0,No,0
10098,Student_98,20,5.2,85.9,78.3,8,0,Yes,1
10099,Student_99,17,6.5,65.2,91,4,0,No,1
10100,Student_100,18,4.5,98.6,77,3,1,No,1
10101,Student_101,18,5.6,67.2,57.3,6,0,Yes,1
10102,Student_102,20,4.6,80.6,69.8,4,0,No,1
10103,Student_103,19,5.3,87.5,71.5,6,0,Yes,1
10104,Student_104,20,3.6,71.2,53.9,10,0,Yes,1
10105,Student_105,22,0.2,88.2,62.2,2,0,Yes,0
10106,Student_106,19,4.5,63.2,64.9,5,0,Yes,1
10107,Student_107,20,7.6,95.4,92.1,6,1,No,1
10108,Student_108,21,6.7,78.2,36.8,3,0,Yes,1
10109,Student_109,19,6.7,70.8,86.1,3,1,Yes,1
10110,Student_110,18,7.3,74.4,53.9,2,1,Yes,0
10111,Student_111,19,25,87.7,47.4,9,0,Yes,1
10112,Student_112,19,-2,71,85.7,3,0,Yes,0
10113,Student_113,22,3.6,69,79,4,2,Yes,0
10114,Student_114,21,4.2,75.3,86.8,3,0,Yes,0
10115,Student_115,20,6,63.9,80,5,0,Yes,1
10116,Student_116,22,7.2,99.8,98.9,2,0,Yes,1
10117,Student_117,21,4.5,71.2,76.4,4,1,Yes,1
10118,Student_118,19,3.9,88,65.7,6,0,Yes,1
10119,Student_119,22,4.8,80.5,73.1,2,4,Yes,1
10120,Student_120,20,6,66.2,86.7,5,2,Yes,0
10121,Student_121,21,,77.9,56.3,7,0,Yes,1
10122,Student_122,22,0.2,87.4,58.2,5,0,Yes,1
10123,Student_123,19,3.7,75.7,63.4,8,0,Yes,1
10124,Student_124,18,2.4,92.3,36.4,8,0,Yes,1
10125,Student_125,19,3.8,90.3,70.1,7,0,Yes,1
10126,Student_126,20,4.5,89,39.7,10,0,Yes,0
10127,Student_127,21,3.9,72.5,68.8,3,0,Yes,1
10128,Student_128,22,7.7,65,81,9,0,No,1
10129,Student_129,17,5.5,70.6,60.8,9,0,Yes,1
10130,Student_130,20,5.4,80.4,93.2,5,3,Yes,0
10131,Student_131,20,6,84.5,46.1,7,0,Yes,2
10132,Student_132,19,2.5,51.9,85.9,7,4,Yes,-1
10133,Student_133,18,6.9,77.9,78.1,6,0,Yes,1
10134,Student_134,19,4.6,79.9,42.3,2,0,No,1
10135,Student_135,23,6.1,74.7,100,4,0,No,1
10136,Student_136,19,2.7,93.5,67,8,0,No,1
10137,Student_137,20,1.7,83.1,54.8,9,0,No,0
10138,Student_138,21,6.4,93.7,46.9,3,3,Yes,0
10139,Student_139,19,5.6,75.4,64.7,4,4,Yes,1
10140,Student_140,23,3,89.2,66.1,5,0,Yes,1
10141,Student_141,23,3.1,97.6,69.5,6,0,Yes,1
10142,Student_142,19,7.1,93.7,63.5,4,0,Yes,1
10143,Student_143,20,2.4,64.9,77.5,6,0,Yes,1
10144,Student_144,19,8.1,75,62.2,9,0,Yes,0
10145,Student_145,19,3,73.9,39,9,0,No,1
10146,Student_146,18,6.1,83.9,65.8,3,0,Yes,1
10147,Student_147,20,4.1,86.2,32.5,7,0,Yes,1
10148,Student_148,20,6,67.9,73.3,5,0,No,1
10149,Student_149,18,3.7,78.8,53.3,10,0,Yes,1
10150,Student_150,19,4.5,53.8,70.5,3,0,No,0
10151,Student_151,22,4.9,95.3,87.7,9,4,Yes,1
10152,Student_152,19,2.8,71.9,53.8,2,0,Yes,0
10153,Student_153,18,6.3,78.7,83.9,7,2,No,1
10154,Student_154,20,3.8,74.3,61.5,2,2,Yes,1
10155,Student_155,24,4.3,91.8,94.3,3,3,Yes,1
10156,Student_156,19,2.8,43.9,62.5,4,1,Yes,0
10157,Student_157,21,0.2,77.8,55.4,10,1,Yes,0
10158,Student_158,21,4.4,76.7,78.3,6,2,Yes,1
10159,Student_159,19,9.6,72.6,61.5,3,0,Yes,1
10160,Student_160,21,6.4,98.7,55.4,6,0,Yes,1
10161,Student_161,19,4.8,67.4,60.8,6,4,Yes,0
10162,Student_162,20,4.3,87.3,67.3,2,1,Yes,1
10163,Student_163,20,4.8,82.3,88.1,4,3,Yes,1
10164,Student_164,20,5.9,93.1,39,6,1,Yes,1
10165,Student_165,18,2.4,70,68.3,10,2,Yes,1
10166,Student_166,22,7,69.2,77.4,2,1,No,1
10167,Student_167,19,6.2,91.2,70.9,9,1,Yes,1
10168,Student_168,19,6.2,83.1,87.6,2,0,No,1
10169,Student_169,18,5.7,59.5,66.9,10,2,Yes,1
10170,Student_170,20,4.8,71.5,65.2,7,1,Yes,1
10171,Student_171,21,6.1,82.6,76.9,2,2,Yes,1
10172,Student_172,17,6,88.1,69.5,9,1,Yes,1
10173,Student_173,20,4.1,69.8,62.1,6,0,Yes,1
10174,Student_174,19,3.7,43,75.7,8,0,Yes,1
10175,Student_175,20,5,84.3,58.2,8,2,Yes,1
10176,Student_176,19,7.9,63.4,58.8,8,0,Yes,1
10177,Student_177,21,2.3,53.8,60.1,7,0,Yes,0
10178,Student_178,19,1.9,44,88.3,9,0,Yes,1
10179,Student_179,23,5.1,87.8,20,10,1,Yes,0
10180,Student_180,18,4.9,79.5,73.9,3,1,Yes,0
10181,Student_181,19,5.1,75.3,68.5,8,1,No,1
10182,Student_182,18,5.3,94.7,42.8,3,1,Yes,1
10183,Student_183,22,4.4,85.6,72.6,7,0,Yes,1
10184,Student_184,22,7.8,97.4,75.1,3,0,Yes,1
10185,Student_185,19,1.6,61.3,76.8,7,0,Yes,0
10186,Student_186,21,3.1,77.6,28.2,3,1,Yes,0
10187,Student_187,21,4.6,58.6,88.5,2,0,Yes,1
10188,Student_188,20,1.5,75.2,56.9,8,1,No,0
10189,Student_189,20,4.4,75,78.3,4,0,Yes,0
10190,Student_190,19,8.1,85.5,79.1,5,0,Yes,1
10191,Student_191,18,4.8,78.5,54.8,7,2,Yes,0
10192,Student_192,22,5.3,85.5,77.9,6,0,Yes,1
10193,Student_193,22,2.3,86.4,62.2,5,1,No,1
10194,Student_194,20,3.6,100,36.9,10,0,No,1
10195,Student_195,19,4,74.2,85.5,7,0,Yes,1
10196,Student_196,19,4.2,66.7,56.4,7,0,Yes,1
10197,Student_197,21,7.4,81,55.2,3,0,Yes,1
10198,Student_198,22,5.9,68.4,62,7,1,Yes,1
10199,Student_199,22,2.6,95.8,72.1,8,0,Yes,1
10200,Student_200,21,5.3,74.6,67.1,9,0,No,1
10201,Student_201,20,5.8,71.2,76.2,9,0,Yes,1
10202,Student_202,18,7.1,72.3,47.9,10,0,Yes,1
10203,Student_203,19,8,86.6,56.9,4,1,No,1
10204,Student_204,22,2.8,76.1,66.3,8,0,Yes,1
10205,Student_205,20,3.2,70.3,96.5,8,0,No,1
10206,Student_206,17,2.3,98,66.3,2,1,Yes,1
10207,Student_207,18,4.3,67.7,84.3,9,0,No,1
10208,Student_208,21,5.7,78.4,68.6,5,0,Yes,1
10209,Student_209,17,6.8,85.8,60.7,6,0,Yes,1
10210,Student_210,19,4.6,58.4,64.3,7,1,Yes,1
10211,Student_211,20,4.2,83.8,65.5,4,1,Yes,1
10212,Student_212,,5.1,65.3,77.1,6,1,Yes,0
10213,Student_213,21,3.1,87.9,88.6,6,3,No,1
10214,Student_214,19,9,66.4,73.4,2,0,No,1
10215,Student_215,21,1.6,86.3,85.8,4,3,Yes,0
10216,Student_216,19,5.2,91.3,53.5,4,0,Yes,1
10217,Student_217,19,8.8,88.3,61.8,2,1,Yes,1
10218,Student_218,21,4.8,81,57.1,8,0,Yes,1
10219,Student_219,20,4.4,75.2,72.7,2,0,Yes,1
10220,Student_220,22,4.1,71.1,62.6,8,1,No,1
10221,Student_221,21,4.4,95.7,78.9,5,1,Yes,1
10222,Student_222,20,7.5,69.6,54,10,0,Yes,1
10223,Student_223,18,0.4,65.6,68.6,8,0,Yes,1
10224,Student_224,19,7.9,86,78.3,6,0,Yes,1
10225,Student_225,19,2,68.4,37,8,4,Yes,0
10226,Student_226,19,4.3,66.6,99.8,10,2,Yes,1
10227,Student_227,23,3.9,60.7,63.8,7,0,Yes,1
10228,Student_228,19,6,72.2,37.6,2,2,Yes,1
10229,Student_229,22,1.6,77,70.4,7,2,Yes,1
10230,Student_230,20,5.7,80.9,68.5,2,0,Yes,1
10231,Student_231,21,8.8,89.4,66.8,5,1,Yes,1
10232,Student_232,20,2.1,84.3,82.9,9,0,Yes,1
10233,Student_233,20,5.2,75.7,79.2,6,1,No,1
10234,Student_234,20,3.5,75.6,72.5,6,0,Yes,0
10235,Student_235,19,5.7,84.1,74.8,9,0,Yes,1
10236,Student_236,21,4.8,93.3,66.4,9,0,Yes,1
10237,Student_237,19,3.5,79.5,94.6,2,0,Yes,1
10238,Student_238,17,5.8,72.4,45.8,6,1,Yes,1
10239,Student_239,20,8.4,66.1,70.1,6,0,Yes,1
10240,Student_240,19,4.4,60.7,69,9,0,Yes,1
10241,Student_241,23,6.2,86,80.2,2,2,No,0
10242,Student_242,23,2.2,84.9,55.3,8,0,No,1
10243,Student_243,22,2.9,84.9,41.8,8,0,Yes,1
10244,Student_244,19,5.7,76.5,70.4,10,3,Yes,1
10245,Student_245,17,7.8,94.9,72.2,3,2,No,1
10246,Student_246,22,5.5,72.2,90.3,4,0,Yes,1
10247,Student_247,20,4.2,89.5,48.9,5,0,Yes,1
10248,Student_248,23,4.8,77.5,85.3,2,3,No,1
10249,Student_249,23,2.3,70.7,100,8,0,No,1
10250,Student_250,22,6,85.1,62.3,4,0,Yes,1
10251,Student_251,19,6.6,82.9,48.6,4,0,Yes,1
10252,Student_252,19,3.9,82.3,61.9,4,0,Yes,1
10253,Student_253,22,3.9,79,68.2,9,1,No,1
10254,Student_254,19,5.3,77.5,76.5,10,1,No,1
10255,Student_255,19,3.9,100,59.1,3,3,Yes,1
10256,Student_256,20,4.7,92.2,91.3,2,1,Yes,1
10257,Student_257,23,9,86.7,51.3,10,0,Yes,1
10258,Student_258,21,4.3,79.3,41.9,7,0,Yes,1
10259,Student_259,20,4.1,90.1,84.6,10,4,No,0
10260,Student_260,18,3.5,84.2,33.9,7,0,Yes,1
10261,Student_261,20,6.3,78.3,64.9,3,0,Yes,1
10262,Student_262,24,4.4,74.4,100,2,2,Yes,1
10263,Student_263,18,3.5,77,67.8,9,0,Yes,1
10264,Student_264,20,7.4,40,51.2,4,0,Yes,1
10265,Student_265,22,7.6,80.5,67.1,2,2,Yes,1
10266,Student_266,21,3.6,72.1,67.2,9,4,Yes,0
10267,Student_267,21,1.1,97.1,70.4,2,0,Yes,1
10268,Student_268,21,6.8,78.2,77.9,9,2,No,1
10269,Student_269,19,3.4,63.7,52.4,2,0,Yes,1
10270,Student_270,19,6.4,77.4,93.3,10,0,Yes,1
10271,Student_271,21,0.9,65.4,71.7,10,2,Yes,1
10272,Student_272,21,6.6,83.7,78.9,10,3,No,1
10273,Student_273,22,2.4,81.5,58.6,4,0,Yes,1
10274,Student_274,22,6.3,89.5,87.3,5,0,Yes,1
10275,Student_275,20,4.8,68.5,64.1,6,0,Yes,1
10276,Student_276,20,2.9,78.4,72.2,7,0,Yes,1
10277,Student_277,21,4,61.6,54,10,0,No,1
10278,Student_278,20,6.2,86.4,53,5,0,No,0
10279,Student_279,21,5,84.2,78.3,7,0,Yes,1
10280,Student_280,21,6,83.9,61.3,2,0,Yes,1
10281,Student_281,22,8.8,78,55.2,3,0,Yes,0
10282,Student_282,19,1.7,83,58.4,9,1,Yes,1
10283,Student_283,19,8,97.3,78.5,5,0,No,1
10284,Student_284,18,5,74.6,58.6,8,0,No,1
10285,Student_285,20,3,79.7,66.2,5,2,Yes,0
10286,Student_286,18,2.1,65,68.2,10,1,Yes,0
10287,Student_287,20,4.4,67.6,39.2,10,0,Yes,0
10288,Student_288,20,6.6,79.2,45.9,5,0,Yes,1
10289,Student_289,19,4.5,91.2,73,9,1,Yes,1
10290,Student_290,20,7.8,74.9,56.9,7,0,Yes,1
10291,Student_291,18,1.9,75.2,83.9,2,1,Yes,0
10292,Student_292,18,4.8,73.1,82.5,8,0,Yes,1
10293,Student_293,21,2.3,71.6,78.8,2,0,Yes,1
10294,Student_294,19,5.5,81.5,95.3,4,0,Yes,1
10295,Student_295,18,6.6,60,66.8,9,1,Yes,1
10296,Student_296,20,4,93.4,77.7,10,2,Yes,1
10297,Student_297,21,0.2,70,59.2,4,0,No,0
10298,Student_298,19,5.2,86.7,100,2,0,Yes,1
10299,Student_299,20,5.7,62.8,97.8,2,0,No,1
10300,Student_300,18,5.6,86,68.2,8,0,No,1
10301,Student_301,18,7.3,86.1,73.8,,2,Yes,1
10302,Student_302,20,2.7,82.6,88.4,2,0,Yes,0
10303,Student_303,20,6.2,66.1,65.8,7,2,No,0
10304,Student_304,20,7.2,81,58.2,7,1,Yes,1
10305,Student_305,21,1.2,63.8,81.1,5,2,No,0
10306,Student_306,23,5.4,75,69.2,8,1,Yes,1
10307,Student_307,20,3.8,90.4,70.7,8,0,Yes,0
10308,Student_308,19,4.6,87.6,55.5,10,0,Yes,1
10309,Student_309,21,5.5,78.2,42.2,2,0,Yes,1
10310,Student_310,19,3.8,66.3,71.5,6,0,No,1
10311,Student_311,20,3.4,85.7,81.6,4,0,Yes,1
10312,Student_312,18,4.9,78.2,64.6,8,0,Yes,1
10313,Student_313,17,2.6,50.2,89.5,5,3,Yes,1
10314,Student_314,23,2.6,87.4,57.4,5,0,Yes,1
10315,Student_315,22,6.2,77.7,52.2,2,1,Yes,0
10316,Student_316,21,2.5,92.4,67,2,3,Yes,0
10317,Student_317,20,6.1,64.9,66.8,3,2,Yes,1
10318,Student_318,19,5.7,39.9,79.5,3,0,Yes,1
10319,Student_319,19,1.3,81.3,56.4,2,0,Yes,0
10320,Student_320,19,3.4,81.5,88.5,9,0,Yes,1
10321,Student_321,20,7.2,57.7,97.5,7,0,No,1
10322,Student_322,21,2.8,66.3,67.4,7,0,Yes,1
10323,Student_323,21,3.9,100,86.7,10,1,Yes,1
10324,Student_324,19,5.7,74.3,52.2,6,0,Yes,1
10325,Student_325,23,6.4,86.8,84.1,5,0,Yes,1
10326,Student_326,21,4.3,70.2,83.7,7,4,Yes,1
10327,Student_327,20,3.6,52.9,81,9,0,Yes,1
10328,Student_328,20,7.6,76,67.8,2,0,No,1
10329,Student_329,20,8.3,74.8,23.7,8,1,Yes,1
10330,Student_330,19,6.8,73.2,58.4,9,0,No,1
10331,Student_331,19,5,76.6,58.6,10,0,Yes,1
10332,Student_332,21,3.2,81.2,53.3,9,0,Yes,1
10333,Student_333,17,3.1,76.2,69.8,8,2,No,1
10334,Student_334,18,5.8,62.8,61.7,4,0,Yes,1
10335,Student_335,18,5.6,83.8,55.6,3,0,Yes,0
10336,Student_336,18,7.6,54.6,52.1,4,0,Yes,1
10337,Student_337,22,6.1,53.4,57.3,5,0,Yes,1
10338,Student_338,21,1.8,86.9,84.8,5,0,Yes,1
10339,Student_339,20,6.9,84.1,58.1,7,0,Yes,0
10340,Student_340,18,2.8,77.3,60.3,8,0,Yes,1
10341,Student_341,20,4,61.3,61.1,5,0,Yes,1
10342,Student_342,20,5.3,69.5,73.1,7,0,No,1
10343,Student_343,19,8.8,74.8,74.8,10,0,Yes,1
10344,Student_344,20,10,58.8,22.3,7,1,Yes,1
10345,Student_345,19,6,69.1,83.3,4,0,Yes,1
10346,Student_346,20,4.4,85.8,89.5,2,0,Yes,1
10347,Student_347,20,5.9,95.1,52.2,6,1,Yes,0
10348,Student_348,18,6.6,73,53.4,4,2,Yes,1
10349,Student_349,19,4.2,87.1,61.2,9,0,Yes,0
10350,Student_350,20,8.4,55,56.7,2,0,Yes,1
10351,Student_351,20,5.3,85.9,71.4,3,0,Yes,1
10352,Student_352,22,5.8,68.4,38.8,4,0,No,1
10353,Student_353,21,6.1,81.7,51.2,4,1,Yes,1
10354,Student_354,19,5.6,75,91.1,9,0,Yes,1
10355,Student_355,18,6.5,93.8,54.1,6,1,Yes,1
10356,Student_356,20,3.6,67.5,86.7,9,0,Yes,1
10357,Student_357,17,3.7,85.5,73.3,7,0,No,1
10358,Student_358,20,2.6,74.6,40.9,3,1,Yes,1
10359,Student_359,23,5.7,76.1,77.5,5,0,Yes,1
10360,Student_360,20,6.4,75.8,66.2,10,0,Yes,1
10361,Student_361,19,5.7,67.9,61.2,5,4,Yes,1
10362,Student_362,20,8.1,77.8,71.7,6,2,No,1
10363,Student_363,20,4.8,77.2,75.1,6,1,Yes,1
10364,Student_364,20,6.1,80.9,78.6,9,0,No,1
10365,Student_365,23,2.6,79,85.7,7,0,Yes,1
10366,Student_366,19,4,87.6,74.1,8,3,Yes,0
10367,Student_367,23,6.2,89.1,47.4,7,0,Yes,1
10368,Student_368,22,6.5,65.4,60.9,6,2,Yes,1
10369,Student_369,19,4.2,88.4,100,6,0,Yes,1
10370,Student_370,18,4.7,63.8,78.9,4,0,Yes,1
10371,Student_371,18,1.8,85.1,100,8,4,Yes,1
10372,Student_372,17,4.1,85.4,88.9,6,0,Yes,1
10373,Student_373,18,6.6,55.1,71.6,8,0,Yes,1
10374,Student_374,21,6,79.1,72.5,3,0,No,1
10375,Student_375,18,5.8,72.4,67.5,10,0,Yes,1
10376,Student_376,19,4.9,68.9,41.9,9,0,Yes,1
10377,Student_377,22,4.8,94.2,68.3,6,0,Yes,1
10378,Student_378,17,3.5,70.2,86.2,3,0,No,1
10379,Student_379,21,6.2,68.3,59,7,1,Yes,1
10380,Student_380,19,5.6,78.9,74.2,9,0,Yes,1
10381,Student_381,18,5.8,86.2,80.8,8,4,Yes,0
10382,Student_382,21,3.7,76.3,54.4,9,0,Yes,0
10383,Student_383,20,0.5,92,61.2,5,0,Yes,1
10384,Student_384,22,7,84.4,52.7,4,0,No,1
10385,Student_385,21,3.8,51.9,55.7,8,1,Yes,0
10386,Student_386,21,3.1,71.6,48.7,3,4,Yes,1
10387,Student_387,19,6.2,71.3,54.5,6,1,No,1
10388,Student_388,19,4,83.8,89.3,8,0,Yes,1
10389,Student_389,21,6.9,46.5,54.3,2,0,No,1
10390,Student_390,21,6,100,69.9,5,1,No,1
10391,Student_391,24,6.2,84.4,60.5,3,2,Yes,0
10392,Student_392,20,2.1,79.8,85.7,7,4,Yes,1
10393,Student_393,19,7.2,92.2,87.7,2,0,Yes,1
10394,Student_394,21,5.3,100,81,8,4,Yes,1
10395,Student_395,19,4.1,88.4,72.6,4,0,No,1
10396,Student_396,23,5.1,89.4,64.5,2,0,No,1
10397,Student_397,22,1.2,79.6,50.1,9,0,Yes,1
10398,Student_398,20,5.6,76.3,97.2,8,0,Yes,1
10399,Student_399,21,2.7,72.3,56.6,3,1,Yes,0
10400,Student_400,21,2.1,68.1,78,8,2,Yes,1
10401,Student_401,18,1.8,69.8,83.9,4,1,Yes,0
10402,Student_402,22,7,61.8,59.7,10,1,No,1
10403,Student_403,20,3.5,77.1,83.6,9,0,Yes,1
10404,Student_404,21,7.9,57.8,79.5,6,1,No,1
10405,Student_405,19,3.7,80.3,93.9,8,0,Yes,1
10406,Student_406,22,1.4,77.6,61,4,2,Yes,1
10407,Student_407,19,2.6,79.8,48.7,2,1,Yes,1
10408,Student_408,17,7.3,71.7,60.4,2,1,No,1
10409,Student_409,22,4.5,100,71.1,3,0,Yes,1
10410,Student_410,18,3.7,94.3,68.9,9,2,Yes,1
10411,Student_411,19,5.1,63.1,62.1,2,0,Yes,1
10412,Student_412,23,5.8,80.8,39.4,6,0,Yes,1
10413,Student_413,23,7,70.7,75.1,10,1,Yes,1
10414,Student_414,20,7.7,65.8,97.6,10,0,Yes,1
10415,Student_415,20,4.1,61.9,75,3,2,Yes,0
10416,Student_416,20,2.1,83.2,77.1,8,0,Yes,1
10417,Student_417,19,4,69.8,76.6,2,0,Yes,1
10418,Student_418,19,5.3,89.6,74,4,2,Yes,1
10419,Student_419,21,2.9,89.9,82,7,0,Yes,1
10420,Student_420,21,2.9,94.5,73.9,10,0,Yes,1
10421,Student_421,21,5.5,67.8,63.3,3,0,Yes,1
10422,Student_422,21,4.7,83.7,56.1,8,0,Yes,1
10423,Student_423,18,4.9,85.6,64.3,5,1,Yes,1
10424,Student_424,20,3.3,72.3,72.7,3,0,Yes,1
10425,Student_425,18,4.3,68.7,63.3,4,2,Yes,1
10426,Student_426,20,3,97.3,72.7,7,1,Yes,1
10427,Student_427,20,6.6,80.7,74.6,10,0,Yes,1
10428,Student_428,22,6.9,85.6,80.5,9,1,Yes,1
10429,Student_429,19,1.1,68.1,87.2,10,0,No,1
10430,Student_430,18,2.9,63.4,69.2,5,0,No,1
10431,Student_431,18,1.8,71.2,48.4,5,0,Yes,1
10432,Student_432,21,3.5,76.5,62.8,10,0,Yes,1
10433,Student_433,20,4.6,65.2,68.7,9,1,Yes,1
10434,Student_434,18,1.9,77.9,40.5,3,1,Yes,1
10435,Student_435,18,3,57.7,88.8,9,0,Yes,1
10436,Student_436,21,2.8,64.6,70.1,2,1,No,0
10437,Student_437,18,5.2,86.1,73.7,10,1,Yes,1
10438,Student_438,21,4.9,85.2,88.5,10,0,Yes,1
10439,Student_439,21,3.4,73.3,58.5,9,1,No,0
10440,Student_440,18,5.2,65.8,76.6,6,0,Yes,0
10441,Student_441,18,3.7,65.7,66.4,6,2,Yes,1
10442,Student_442,24,4.3,73.5,65.2,4,0,Yes,0
10443,Student_443,19,8.1,85.7,56.4,6,1,Yes,1
10444,Student_444,19,7.5,89.1,93,5,0,Yes,1
10445,Student_445,21,2.2,72,62.4,2,0,,1
10446,Student_446,23,6.5,64.2,78.5,10,0,Yes,1
10447,Student_447,24,6.4,81.2,39.9,5,0,No,1
10448,Student_448,21,2.5,68.1,85.7,4,1,Yes,1
10449,Student_449,19,6.4,71.8,83.8,7,0,Yes,1
10450,Student_450,18,7.9,93.9,69.5,2,1,Yes,1
10451,Student_451,21,2.6,87.9,64.6,6,1,No,1
10452,Student_452,20,3,79.9,74,8,1,Yes,0
10453,Student_453,20,6.8,62.7,100,3,0,Yes,1
10454,Student_454,22,5.3,80.5,41.6,10,4,Yes,1
10455,Student_455,18,5.9,90.8,79.7,7,2,Yes,0
10456,Student_456,20,5.5,73.5,54.3,3,1,Yes,1
10457,Student_457,17,5.6,94.2,67.7,9,0,Yes,1
10458,Student_458,20,2.1,93.5,64.3,9,0,No,1
10459,Student_459,18,6.9,98,61.6,2,0,No,1
10460,Student_460,18,7.1,81.7,67.8,2,0,No,1
10461,Student_461,18,4.3,85,51,2,0,Yes,1
10462,Student_462,20,4.7,95,83.4,5,0,No,1
10463,Student_463,21,1.7,83.4,41.1,5,1,No,1
10464,Student_464,20,5.8,72,76.1,9,0,Yes,1
10465,Student_465,23,5.9,72.6,63.1,2,0,Yes,0
10466,Student_466,19,4.7,80.9,50.4,4,2,Yes,0
10467,Student_467,19,7,62.5,71,2,0,Yes,1
10468,Student_468,22,4.1,76.3,44.6,10,1,Yes,1
10469,Student_469,19,5.9,91.2,68.6,10,0,Yes,1
10470,Student_470,23,2.8,51.7,46.7,8,0,Yes,1
10471,Student_471,17,4.8,96.4,74.9,9,0,Yes,1
10472,Student_472,23,4.5,91.5,54.1,2,1,Yes,1
10473,Student_473,18,5.3,72.5,61.2,6,0,Yes,1
10474,Student_474,22,4.1,84.5,72.4,3,2,No,0
10475,Student_475,20,4.5,78,56.4,2,0,No,0
10476,Student_476,24,6.5,92.8,67.1,4,0,Yes,1
10477,Student_477,18,3.9,89.8,45.3,8,1,Yes,1
10478,Student_478,20,1.6,61.2,77.5,2,0,Yes,0
10479,Student_479,23,8.3,85,94.5,3,1,Yes,1
10480,Student_480,20,7.6,75.5,100,3,0,Yes,1
10481,Student_481,20,2.2,79,69.4,5,0,Yes,1
10482,Student_482,21,6.2,69.3,79.8,4,1,No,1
10483,Student_483,20,3.8,99,41.3,4,3,Yes,0
10484,Student_484,20,5.3,90.5,90.5,6,0,Yes,1
10485,Student_485,20,5.4,69.1,79.6,4,1,Yes,1
10486,Student_486,22,4.3,62,60.7,8,0,Yes,1
10487,Student_487,18,3.2,73.4,86.6,6,1,Yes,1
10488,Student_488,19,3.4,83.2,64.2,5,1,Yes,1
10489,Student_489,23,3,80.9,61.1,4,0,Yes,1
10490,Student_490,22,3.1,93,75.1,5,0,Yes,1
10491,Student_491,20,4.7,87.5,52,3,0,Yes,1
10492,Student_492,20,3.4,89.6,83.3,2,0,Yes,1
10493,Student_493,19,6.2,81.9,52.2,4,0,Yes,1
10494,Student_494,19,7.8,61.3,52.2,3,1,Yes,1
10495,Student_495,20,3.6,75.7,54.4,2,4,Yes,0
10496,Student_496,19,5.3,90.7,79.4,2,0,Yes,1
10497,Student_497,20,5.8,77.4,58.7,3,0,Yes,1
10498,Student_498,18,5.7,84,47.8,10,0,Yes,1
10499,Student_499,23,5,74.2,58.9,6,2,Yes,0
10500,Student_500,24,6.3,65.6,67.5,10,0,Yes,1
10501,Student_501,21,5.8,76.5,50.3,9,0,Yes,1
10502,Student_502,20,2.3,81.7,50.7,7,0,Yes,1
10503,Student_503,19,6.5,70.1,99.7,2,0,Yes,1
10504,Student_504,21,6.6,75.2,55.1,6,0,No,1
10505,Student_505,21,3.3,66.7,63.2,2,0,Yes,1
10506,Student_506,19,4.9,91.4,62.5,8,0,Yes,1
10507,Student_507,22,6.2,74.5,61.7,9,0,Yes,1
10508,Student_508,21,4.4,95.4,77.3,9,0,Yes,1
10509,Student_509,23,6.9,96.3,82.2,8,0,Yes,1
10510,Student_510,21,9.5,77,63.4,3,0,Yes,1
10511,Student_511,20,3.2,65.9,49.5,6,2,Yes,1
10512,Student_512,20,2,53,87.1,5,2,No,0
10513,Student_513,23,5.4,60.3,66.6,6,0,Yes,0
10514,Student_514,22,6.2,61.5,94,10,0,Yes,1
10515,Student_515,18,4.3,94.5,34.3,5,0,Yes,1
10516,Student_516,17,7.7,79.4,70.9,9,0,Yes,1
10517,Student_517,19,2.1,82.7,96.8,9,0,No,1
10518,Student_518,21,6.2,51.4,62.7,3,0,Yes,1
10519,Student_519,24,3.6,63.6,64.6,7,2,No,1
10520,Student_520,19,8.2,88.6,72.4,6,2,Yes,1
10521,Student_521,20,8.8,81.4,59.6,3,0,Yes,1
10522,Student_522,19,3.3,76.2,63.3,5,0,Yes,1
10523,Student_523,23,3.7,84.8,62.9,8,2,Yes,0
10524,Student_524,22,6.5,97.6,58.6,2,2,Yes,1
10525,Student_525,22,4,75.3,86.4,10,3,Yes,1
10526,Student_526,20,4.7,78.8,74.9,2,0,Yes,1
10527,Student_527,20,4.9,80.3,71.8,6,0,Yes,1
10528,Student_528,19,1,100,80.1,8,1,Yes,1
10529,Student_529,18,4.8,52.8,64,9,0,Yes,1
10530,Student_530,22,3.4,86.2,56.4,3,0,Yes,1
10531,Student_531,21,3.8,76.6,59,5,0,Yes,1
10532,Student_532,24,7.7,84.8,68,3,2,Yes,1
10533,Student_533,24,2.3,70.1,52.1,5,2,Yes,0
10534,Student_534,20,6.4,77.4,60.5,7,0,No,1
10535,Student_535,21,4.2,86.5,60.3,7,2,Yes,1
10536,Student_536,23,4.2,100,99.9,3,0,Yes,1
10537,Student_537,22,6.4,87.7,26.4,5,1,Yes,1
10538,Student_538,19,5.5,67.8,65.3,5,0,Yes,1
10539,Student_539,20,5.9,72.9,93.9,2,0,Yes,1
10540,Student_540,18,6.7,72.6,69.8,3,0,Yes,1
10541,Student_541,23,4.1,56.5,79.3,4,0,Yes,0
10542,Student_542,20,3.6,74,69.5,6,0,Yes,1
10543,Student_543,19,2.6,86.8,58,9,0,Yes,0
10544,Student_544,21,3.1,62.7,34.4,7,4,No,0
10545,Student_545,20,10,90.6,71.1,4,0,Yes,1
10546,Student_546,19,7.3,83.9,56.4,7,0,Yes,1
10547,Student_547,18,2.1,69.2,56,8,0,Yes,1
10548,Student_548,21,2.2,76.3,60.5,7,0,Yes,1
10549,Student_549,20,5.8,97.2,94.2,7,0,Yes,0
10550,Student_550,21,5.9,86.8,100,2,1,Yes,1
10551,Student_551,20,5.9,78.1,71.3,4,0,Yes,1
10552,Student_552,22,4.3,75.1,61,8,0,No,1
10553,Student_553,20,4.5,78.9,50.3,5,1,Yes,1
10554,Student_554,20,5.5,71.9,75,5,0,Yes,1
10555,Student_555,22,5,52.7,94.7,8,0,Yes,1
10556,Student_556,20,,100,64.3,10,2,Yes,0
10557,Student_557,18,4.3,79.9,32.3,3,0,Yes,0
10558,Student_558,17,3.1,82.8,78.1,10,0,Yes,1
10559,Student_559,21,5.2,77.3,82.8,4,2,No,1
10560,Student_560,20,10,69.2,44.2,7,0,Yes,1
10561,Student_561,21,5.5,75.8,70.6,5,0,Yes,1
10562,Student_562,19,4.2,58.8,74.8,2,4,Yes,1
10563,Student_563,18,6.6,100,66.9,10,0,Yes,1
10564,Student_564,17,5.8,63.2,56.1,7,0,Yes,1
10565,Student_565,19,5.6,65.6,83.2,9,2,Yes,1
10566,Student_566,20,6,72.7,61.9,3,2,No,0
10567,Student_567,19,8.9,93.5,45.7,8,0,Yes,1
10568,Student_568,20,2.5,78.2,37.3,7,0,Yes,0
10569,Student_569,22,5.7,63.2,86.9,3,1,Yes,1
10570,Student_570,19,2.9,93.1,77.2,3,1,Yes,1
10571,Student_571,20,5.9,86.8,69.3,5,0,Yes,1
10572,Student_572,21,3,84.5,61.4,5,0,Yes,1
10573,Student_573,19,4,86.6,60.1,4,0,Yes,1
10574,Student_574,20,4.2,100,51.9,9,2,Yes,1
10575,Student_575,22,6.8,100,61.5,8,2,Yes,1
10576,Student_576,23,6.6,69.8,36.2,3,3,Yes,0
10577,Student_577,18,2.3,97.5,57,4,2,Yes,1
10578,Student_578,22,4.9,82.6,63.3,10,0,Yes,1
10579,Student_579,20,3.4,84,77.1,6,0,Yes,1
10580,Student_580,19,2.3,57.7,67.4,3,1,Yes,0
10581,Student_581,20,4.4,76,79.9,4,1,Yes,1
10582,Student_582,24,4.2,68.2,88.2,9,0,Yes,1
10583,Student_583,20,9.7,87.9,83.9,5,0,Yes,1
10584,Student_584,19,5.7,90.9,75.1,3,2,Yes,1
10585,Student_585,20,2,53.1,68.2,3,0,Yes,1
10586,Student_586,19,3.7,77.7,53.3,7,0,Yes,1
10587,Student_587,18,6.8,91.5,79.1,9,1,Yes,1
10588,Student_588,18,9,75.8,93.2,8,1,No,1
10589,Student_589,18,1.6,86.7,73.1,5,0,Yes,1
10590,Student_590,19,1,82.2,96.8,3,1,Yes,0
10591,Student_591,18,8.5,82.1,45.1,10,0,No,1
10592,Student_592,20,5.6,74.7,50.7,5,0,Yes,1
10593,Student_593,19,3.1,63.4,80.8,10,0,Yes,1
10594,Student_594,19,5.9,64.5,72,6,1,Yes,1
10595,Student_595,22,0.2,86.5,87.7,8,3,Yes,0
10596,Student_596,20,4.8,78.2,67.8,6,1,Yes,1
10597,Student_597,21,5.5,76.3,55,3,3,Yes,1
10598,Student_598,19,6.6,72.9,64.8,7,0,Yes,1
10599,Student_599,19,2.8,74.3,45,8,0,No,1
10600,Student_600,18,5,90.6,51.1,7,0,Yes,1
10601,Student_601,19,2.9,74,82.6,4,0,Yes,1
10602,Student_602,19,5.3,61.9,81.1,9,1,Yes,1
10603,Student_603,19,3,86.9,73.4,4,1,Yes,1
10604,Student_604,18,4,75.5,42.2,6,3,Yes,0
10605,Student_605,18,2.8,78.4,62.6,10,0,Yes,1
10606,Student_606,20,6.1,97.3,49.6,6,0,Yes,0
10607,Student_607,19,6.5,77.8,85.6,8,0,Yes,1
10608,Student_608,19,4.3,81.5,59.2,8,0,Yes,1
10609,Student_609,20,4.9,63.9,51.7,6,0,Yes,1
10610,Student_610,21,1.9,75.4,68.4,3,0,Yes,1
10611,Student_611,18,4.2,85.3,58.4,6,0,Yes,1
10612,Student_612,21,4.7,59.3,90.3,8,0,Yes,1
10613,Student_613,20,10,80.4,57,8,0,No,1
10614,Student_614,18,2.6,79.2,47,5,0,Yes,0
10615,Student_615,22,7.7,78.5,35.7,2,0,Yes,1
10616,Student_616,22,6.8,90.4,67.5,7,0,Yes,1
10617,Student_617,18,5.4,82,59.6,4,0,Yes,0
10618,Student_618,19,8.3,95.7,46.6,6,0,Yes,1
10619,Student_619,21,5.5,66.1,85.8,5,0,Yes,1
10620,Student_620,21,5.6,79.6,78,3,0,Yes,1
10621,Student_621,19,4.7,79,67.6,8,0,Yes,1
10622,Student_622,19,7.2,65.2,88.5,6,1,Yes,1
10623,Student_623,19,7,89.5,77.9,8,1,Yes,1
10624,Student_624,20,3.5,100,55.7,10,1,Yes,1
10625,Student_625,20,2.2,77.8,52.4,5,0,Yes,0
10626,Student_626,19,4.4,84.1,80.3,6,0,Yes,1
10627,Student_627,20,3.2,79,73.9,10,1,Yes,1
10628,Student_628,21,4.7,69.4,70.5,5,0,No,0
10629,Student_629,18,7.3,56.2,55.3,6,1,Yes,1
10630,Student_630,19,3.9,69.5,77.1,6,0,No,1
10631,Student_631,21,4.7,61.3,56.7,9,0,Yes,1
10632,Student_632,22,4.9,98.4,66.5,5,1,Yes,1
10633,Student_633,20,6.5,76.6,89.7,5,0,Yes,1
10634,Student_634,20,0.3,73.8,58.1,8,0,Yes,0
10635,Student_635,18,3.6,88.7,44.4,6,0,Yes,0
10636,Student_636,20,5.2,64.5,52.2,7,0,Yes,1
10637,Student_637,20,7.2,68.8,82.9,7,0,Yes,1
10638,Student_638,19,3.8,78.8,71.8,7,0,Yes,1
10639,Student_639,19,1,90.3,66.1,6,1,Yes,0
10640,Student_640,19,6,84,60.4,6,1,Yes,1
10641,Student_641,17,3.5,81,75.3,10,0,Yes,1
10642,Student_642,19,2.4,78.9,55.3,9,4,Yes,1
10643,Student_643,19,3.6,82.8,72.6,5,0,Yes,1
10644,Student_644,19,4.4,80.4,57,8,0,Yes,1
10645,Student_645,18,3.6,65.6,54.5,9,1,Yes,1
10646,Student_646,22,0.4,78.6,58.4,10,1,Yes,1
10647,Student_647,20,6.6,65.1,62.4,6,1,Yes,1
10648,Student_648,21,7.3,79,67.3,4,0,Yes,1
10649,Student_649,21,6.1,72.2,71.5,5,0,Yes,1
10650,Student_650,20,2.5,100,20,7,2,Yes,0
10651,Student_651,18,4.4,77.5,55.9,6,0,Yes,1
10652,Student_652,20,4.8,61.1,62.1,10,1,Yes,0
10653,Student_653,20,6,76.4,90.6,4,0,Yes,1
10654,Student_654,21,6.1,84.2,51.8,3,2,Yes,1
10655,Student_655,20,3.3,98.1,70.4,7,0,Yes,1
10656,Student_656,18,5,70.9,90.4,8,0,Yes,1
10657,Student_657,19,5.7,59,48.3,6,0,No,1
10658,Student_658,19,7.7,87.8,73.9,2,1,Yes,0
10659,Student_659,20,6.2,61.4,56,4,1,Yes,0
10660,Student_660,20,6.4,72.8,60.4,4,0,No,1
10661,Student_661,19,5,74.9,56,5,1,Yes,1
10662,Student_662,24,7.6,77.2,57,7,0,No,1
10663,Student_663,20,5.6,86.3,100,6,0,Yes,1
10664,Student_664,19,3.1,69.8,80.7,2,0,Yes,1
10665,Student_665,18,7.6,74.7,84.5,7,0,Yes,1
10666,Student_666,19,6.2,77.8,75.4,10,0,Yes,1
10667,Student_667,19,3.9,79.8,43.9,2,0,Yes,1
10668,Student_668,19,3.8,79.2,73.9,9,1,Yes,1
10669,Student_669,19,5.4,83.2,84.1,9,1,Yes,1
10670,Student_670,19,5.7,88.1,55.2,4,0,Yes,1
10671,Student_671,19,5.2,82.7,82.5,10,0,Yes,1
10672,Student_672,22,5.4,83.4,78.6,9,2,Yes,1
10673,Student_673,18,8.2,59,95.8,4,1,No,1
10674,Student_674,20,6.9,78.6,61.7,6,0,Yes,1
10675,Student_675,20,5.2,83.8,51.5,4,1,Yes,0
10676,Student_676,24,6.7,86.7,62.6,6,0,Yes,1
10677,Student_677,18,2.7,69.7,89.5,10,0,Yes,1
10678,Student_678,19,5.6,70.1,40.6,5,0,Yes,1
10679,Student_679,23,8.4,71.1,37,7,0,Yes,1
10680,Student_680,22,4.4,84.4,69.3,4,2,Yes,1
10681,Student_681,21,3.1,90.4,61.4,4,0,Yes,0
10682,Student_682,19,3.5,73.1,68.1,6,0,Yes,1
10683,Student_683,19,2.6,88.9,82.2,9,3,Yes,1
10684,Student_684,21,3.2,79.5,59.7,9,2,Yes,0
10685,Student_685,22,4.1,76.5,39.9,4,1,Yes,1
10686,Student_686,20,2,75.5,98.7,9,0,No,1
10687,Student_687,20,4.8,87,53,9,0,No,1
10688,Student_688,19,6.6,81.9,52.1,4,1,Yes,1
10689,Student_689,21,3,100,84.6,3,0,Yes,1
10690,Student_690,19,7.8,67.8,62.2,3,0,No,1
10691,Student_691,19,5.8,84.2,67,10,0,Yes,1
10692,Student_692,20,6.9,71.6,75.2,8,0,Yes,1
10693,Student_693,20,3.5,67.6,84.3,7,0,Yes,0
10694,Student_694,19,6.5,77.9,63,8,0,No,1
10695,Student_695,18,2.6,79.6,90.8,9,0,Yes,1
10696,Student_696,20,6.6,100,36,2,0,Yes,1
10697,Student_697,19,5.1,75.8,79.4,9,0,Yes,1
10698,Student_698,20,5.9,64.4,55.4,4,0,Yes,1
10699,Student_699,19,2.4,81.3,88.6,4,1,Yes,1
10700,Student_700,20,3,53.1,70.1,7,1,Yes,1
10701,Student_701,20,6,76.9,57.9,5,0,Yes,1
10702,Student_702,18,2.9,,77.9,5,0,Yes,1
10703,Student_703,19,5.7,87.5,81.4,5,0,Yes,1
10704,Student_704,18,2.1,89.7,77.6,10,0,Yes,1
10705,Student_705,18,6.5,72,52.6,9,0,Yes,1
10706,Student_706,24,2.3,76.2,60.7,4,0,Yes,1
10707,Student_707,19,5.9,68.8,67.9,2,1,Yes,1
10708,Student_708,21,6.1,64.5,67.4,2,0,Yes,1
10709,Student_709,19,3.4,81.7,79.2,2,0,Yes,1
10710,Student_710,21,6,62.7,37.8,5,0,No,0
10711,Student_711,21,5.3,73,73,7,1,Yes,1
10712,Student_712,20,3.7,66.1,63.7,5,0,Yes,1
10713,Student_713,20,2.8,84.6,55.4,4,1,Yes,0
10714,Student_714,20,0.9,99.6,56.9,9,0,Yes,0
10715,Student_715,19,5.5,62.4,64.8,9,1,No,1
10716,Student_716,22,1.7,55.8,20,7,2,Yes,0
10717,Student_717,22,5,76.5,57.5,10,2,Yes,1
10718,Student_718,23,4.3,78.2,54.9,2,0,No,0
10719,Student_719,18,6.2,80.6,76,9,0,Yes,1
10720,Student_720,21,4.2,72.6,55.9,7,0,Yes,1
10721,Student_721,23,4.1,75.6,64.8,2,2,Yes,0
10722,Student_722,19,6.3,82.4,91.1,5,0,Yes,1
10723,Student_723,18,5.5,90.5,82.9,6,0,No,1
10724,Student_724,21,5.4,54.5,81.5,8,0,Yes,0
10725,Student_725,20,5.7,73.6,60.5,9,0,No,1
10726,Student_726,22,1.7,80.6,76.1,10,0,No,1
10727,Student_727,18,6.3,67,64.5,7,0,Yes,1
10728,Student_728,21,6,98.8,65.1,10,0,Yes,1
10729,Student_729,19,2.8,70.4,74.1,5,0,Yes,1
10730,Student_730,19,4.3,77.5,59,9,3,Yes,1
10731,Student_731,19,4.7,84.7,90.4,4,1,Yes,1
10732,Student_732,21,4.5,70.9,65.6,5,1,Yes,0
10733,Student_733,21,5.5,55.8,77.3,5,0,Yes,1
10734,Student_734,20,7.7,72.9,89.8,7,1,No,1
10735,Student_735,19,7,90.4,83.5,10,0,Yes,1
10736,Student_736,22,2.2,74,46.9,7,0,Yes,1
10737,Student_737,19,6,67.8,74.7,2,0,No,0
10738,Student_738,21,7.5,89.1,80.8,6,0,Yes,1
10739,Student_739,20,5.6,74,81.4,10,0,Yes,1
10740,Student_740,19,7,71.9,51.3,6,4,Yes,1
10741,Student_741,20,8.8,79.8,58.1,7,0,Yes,1
10742,Student_742,19,6.8,87.2,82.9,4,0,Yes,1
10743,Student_743,21,5.3,100,56.6,9,0,Yes,1
10744,Student_744,20,6.9,87.9,63.5,5,0,Yes,1
10745,Student_745,19,5.1,91.9,91.6,5,0,No,1
10746,Student_746,22,4.8,71.9,67.3,6,0,Yes,0
10747,Student_747,19,4.1,65.7,57.1,10,1,Yes,1
10748,Student_748,20,7.9,78.7,54.8,9,0,Yes,1
10749,Student_749,22,3.2,79.3,73,8,0,Yes,1
10750,Student_750,20,7.9,65.1,48,6,1,Yes,0
10751,Student_751,18,5.8,75.9,64.3,10,2,No,1
10752,Student_752,23,2,82.8,73,10,1,Yes,0
10753,Student_753,20,5.5,82.3,87.5,3,0,Yes,1
10754,Student_754,19,0.6,84.1,78,5,0,Yes,1
10755,Student_755,18,6.1,81.5,57.3,9,0,Yes,1
10756,Student_756,21,6.6,71.9,85.7,2,1,Yes,1
10757,Student_757,20,3.6,71.8,63.5,6,2,Yes,0
10758,Student_758,20,5,63.6,49.5,9,0,Yes,0
10759,Student_759,22,8.7,99.4,65.4,3,0,Yes,1
10760,Student_760,21,3.8,78.2,89.6,3,1,Yes,1
10761,Student_761,19,2.7,75.3,70.5,9,0,Yes,1
10762,Student_762,19,7.8,66.9,68.2,10,0,Yes,1
10763,Student_763,19,8.7,100,92.6,8,0,No,1
10764,Student_764,21,4.8,65.1,46.5,9,0,Yes,1
10765,Student_765,18,6.8,72.9,48.7,6,4,Yes,1
10766,Student_766,20,7.5,83,43.8,2,0,Yes,1
10767,Student_767,21,3.3,85.2,73.6,5,0,Yes,1
10768,Student_768,22,3.8,89.5,70.5,3,0,Yes,1
10769,Student_769,19,7.3,99.7,91.1,4,0,Yes,1
10770,Student_770,21,8.2,84.1,71.7,4,0,Yes,1
10771,Student_771,18,5.9,65.3,61.9,10,0,Yes,1
10772,Student_772,22,3,74.9,68,5,0,No,1
10773,Student_773,18,8.8,81.7,69.8,3,1,Yes,1
10774,Student_774,19,3.7,100,42.9,4,1,Yes,1
10775,Student_775,21,4.1,61.2,100,4,0,Yes,1
10776,Student_776,18,5.5,92.4,75.8,8,0,No,1
10777,Student_777,19,7.9,80.2,71.2,9,4,Yes,1
10778,Student_778,21,6.5,88.1,77.2,7,0,Yes,1
10779,Student_779,21,5.6,76.8,78.6,5,1,No,1
10780,Student_780,20,5.7,67.9,65.9,7,0,Yes,1
10781,Student_781,21,4.9,87,58.5,2,1,Yes,1
10782,Student_782,20,5.9,85.9,77,9,1,Yes,1
10783,Student_783,19,0.2,89.7,73.8,2,1,No,1
10784,Student_784,19,4.2,77.8,55.9,6,2,No,0
10785,Student_785,19,5.3,70.8,89.3,3,2,No,1
10786,Student_786,22,2.5,59.3,72.4,7,0,Yes,0
10787,Student_787,20,5.6,87.8,78.9,10,0,No,1
10788,Student_788,20,4.4,83.1,88.9,6,0,Yes,1
10789,Student_789,20,8.3,66.4,68.3,5,1,Yes,1
10790,Student_790,23,7.9,71.5,72.8,3,1,Yes,1
10791,Student_791,19,3.9,72.4,80.2,4,0,Yes,1
10792,Student_792,20,4.5,60.2,57.1,7,0,Yes,1
10793,Student_793,20,4.7,68.2,68.8,9,1,Yes,1
10794,Student_794,20,3.9,64.4,69.9,9,0,No,1
10795,Student_795,17,5.2,73.1,53.7,6,0,Yes,1
10796,Student_796,22,3.3,69.1,100,6,1,Yes,1
10797,Student_797,23,2.5,58.5,46.9,4,0,No,1
10798,Student_798,20,6,100,48.5,8,0,Yes,1
10799,Student_799,21,6.1,93,87.7,7,0,Yes,1
10800,Student_800,22,3.2,68.7,78.7,2,0,Yes,1
10801,Student_801,21,6.6,81.3,52.6,5,0,Yes,0
10802,Student_802,19,3.5,83,77.1,7,0,Yes,1
10803,Student_803,20,5.3,92.3,90,7,0,Yes,1
10804,Student_804,20,6.4,68.2,67.5,4,0,No,1
10805,Student_805,20,4.7,91.1,100,7,0,Yes,1
10806,Student_806,21,5.7,71.4,42.1,7,0,Yes,1
10807,Student_807,23,3.8,62,78.4,10,4,Yes,1
10808,Student_808,22,4.4,86.7,85.5,10,0,Yes,1
10809,Student_809,20,4.4,93.5,81.4,3,2,Yes,1
10810,Student_810,18,3.3,100,64.9,5,2,No,0
10811,Student_811,24,4.4,63.6,63.6,10,0,Yes,1
10812,Student_812,22,1.7,86.4,74.7,5,1,Yes,0
10813,Student_813,18,3.8,73.1,80.2,9,0,No,1
10814,Student_814,22,4.2,87.4,77,4,1,Yes,1
10815,Student_815,22,4.3,60.4,83.6,4,0,Yes,1
10816,Student_816,20,4.3,62.8,52.7,10,1,Yes,1
10817,Student_817,20,4.7,68.7,64.6,9,0,Yes,1
10818,Student_818,19,5.8,78.9,53.9,2,1,No,1
10819,Student_819,18,6.5,70.3,62.2,3,0,Yes,1
10820,Student_820,19,3.5,85.9,83.2,4,2,Yes,1
10821,Student_821,21,2.4,90.3,69.6,3,0,Yes,1
10822,Student_822,17,2.7,85.2,100,4,1,No,1
10823,Student_823,19,3.8,97.4,70.9,9,0,No,1
10824,Student_824,19,4.1,83,68.9,7,0,Yes,1
10825,Student_825,20,3.3,63.4,69.6,8,1,Yes,0
10826,Student_826,22,2.2,94.4,58.4,7,3,Yes,1
10827,Student_827,19,3.9,70.7,67.1,2,0,Yes,1
10828,Student_828,19,5.2,88.9,84.9,4,2,No,1
10829,Student_829,21,6,96.9,69.7,2,0,No,1
10830,Student_830,20,3.7,83.5,56.1,10,1,No,0
10831,Student_831,19,4,60,54.1,10,0,Yes,1
10832,Student_832,20,2.9,67,61.2,6,0,No,1
10833,Student_833,18,4.7,93.9,69.1,5,2,No,0
10834,Student_834,19,3.1,76,85.9,10,0,Yes,1
10835,Student_835,20,5.9,79,47.9,10,0,Yes,1
10836,Student_836,20,1.2,87.1,63.2,4,0,Yes,0
10837,Student_837,22,4.1,86.4,70.2,6,0,Yes,1
10838,Student_838,19,5.4,81.3,40.5,4,1,No,1
10839,Student_839,20,5.2,75.5,55.5,3,1,Yes,1
10840,Student_840,20,10,74.2,57.8,2,0,Yes,1
10841,Student_841,17,5.5,88.3,56.1,3,0,Yes,1
10842,Student_842,21,2.8,84.6,70.9,9,0,Yes,1
10843,Student_843,19,4.6,74.9,65.6,9,0,No,1
10844,Student_844,23,1.2,91,59.7,4,0,Yes,0
10845,Student_845,18,4.6,76.5,74.4,8,2,Yes,1
10846,Student_846,20,3.1,67.8,93.8,8,1,Yes,1
10847,Student_847,18,6.6,68.9,92.6,3,0,Yes,1
10848,Student_848,24,3.7,66.3,39.2,10,2,Yes,1
10849,Student_849,20,4.6,74.7,76.7,4,0,No,1
10850,Student_850,20,3.5,92.8,65.3,3,1,Yes,0
10851,Student_851,18,8.3,68.3,70.3,4,0,Yes,1
10852,Student_852,21,4.2,80.3,62,3,1,Yes,1
10853,Student_853,19,8.5,70.1,69.8,9,0,Yes,1
10854,Student_854,22,6.4,74.9,70.3,6,0,No,1
10855,Student_855,19,5.8,59.9,59.3,4,0,Yes,1
10856,Student_856,19,5.5,75.4,54.6,6,0,Yes,1
10857,Student_857,18,5.6,75.7,61.3,9,0,Yes,1
10858,Student_858,20,0.9,84.5,71.5,8,0,Yes,1
10859,Student_859,20,4.2,80.7,77,7,0,Yes,1
10860,Student_860,18,6.5,63.6,80.8,2,1,Yes,1
10861,Student_861,21,4.7,91,60.6,2,0,Yes,1
10862,Student_862,20,2,80.5,72.3,2,0,No,0
10863,Student_863,20,4.7,80.4,82.4,9,0,Yes,1
10864,Student_864,20,8.2,77.9,85.5,9,3,Yes,1
10865,Student_865,20,7.3,71.8,67.1,8,2,No,1
10866,Student_866,20,4.7,80.6,64.7,7,0,No,1
10867,Student_867,19,6.7,83.7,70.9,5,0,Yes,1
10868,Student_868,19,4.1,57,50.8,2,0,Yes,0
10869,Student_869,22,1.4,71.5,65.1,10,2,Yes,0
10870,Student_870,23,3,74.9,79.2,2,0,Yes,1
10871,Student_871,19,7.9,81.1,77.6,5,0,Yes,1
10872,Student_872,19,4.3,92.3,63.9,4,0,Yes,1
10873,Student_873,20,4.3,68.7,71.3,8,0,Yes,1
10874,Student_874,20,4.2,72,55.6,6,0,Yes,1
10875,Student_875,17,8.6,71.8,78.6,6,1,Yes,1
10876,Student_876,19,8.1,68.4,66.8,5,0,Yes,1
10877,Student_877,21,9.2,73.8,63.9,2,0,Yes,1
10878,Student_878,21,4.5,87.2,62.6,6,0,Yes,1
10879,Student_879,17,5.4,65.4,67.1,5,0,Yes,1
10880,Student_880,19,1.8,83.1,61.3,9,0,Yes,1
10881,Student_881,19,7.8,57.6,77.9,3,1,Yes,1
10882,Student_882,21,2.5,71.3,62.1,9,0,Yes,1
10883,Student_883,17,5.2,74,91.9,2,0,Yes,1
10884,Student_884,18,2.6,98.1,90,5,0,Yes,1
10885,Student_885,21,3.6,74.7,54.6,4,0,Yes,1
10886,Student_886,19,3.1,51.6,69,6,1,Yes,0
10887,Student_887,21,3.6,54,58.2,6,0,Yes,0
10888,Student_888,19,3.7,78.4,63.1,6,0,Yes,1
10889,Student_889,18,3.7,85.4,98,5,0,Yes,1
10890,Student_890,19,6.5,82.5,63.4,9,0,Yes,1
10891,Student_891,21,2.6,80,73.4,4,0,Yes,1
10892,Student_892,22,5.2,91.9,76.1,5,0,Yes,1
10893,Student_893,22,7.2,71.5,53,2,1,No,0
10894,Student_894,19,3.8,88.7,55.2,8,0,Yes,1
10895,Student_895,21,3.4,58.4,49.9,2,0,Yes,0
10896,Student_896,19,4.3,67.1,54.7,3,0,Yes,1
10897,Student_897,19,7.2,56.3,25.2,8,0,Yes,1
10898,Student_898,22,5.2,74.7,76.2,2,0,Yes,1
10899,Student_899,17,3.7,77.4,98.8,4,2,Yes,1
10900,Student_900,18,5.8,79.4,70.2,7,2,Yes,1
10901,Student_901,19,2.6,78.7,46.8,7,0,Yes,0
10902,Student_902,17,6.2,66.9,58.4,7,0,Yes,1
10903,Student_903,19,5.6,75.7,61.1,3,0,Yes,1
10904,Student_904,20,4.2,60,52.7,3,0,Yes,1
10905,Student_905,20,3.1,94.4,80.9,7,1,Yes,0
10906,Student_906,22,3,74.4,80.2,6,1,Yes,0
10907,Student_907,21,5.9,72.1,50.7,8,2,Yes,1
10908,Student_908,19,7.3,97.1,78.9,8,0,Yes,1
10909,Student_909,19,3.5,63.1,90.9,6,0,Yes,1
10910,Student_910,19,5.7,64.5,96.5,9,1,Yes,1
10911,Student_911,20,0.6,64.8,100,7,1,Yes,1
10912,Student_912,19,3.6,77.2,54.5,6,2,Yes,1
10913,Student_913,20,4.7,83.2,100,5,0,No,1
10914,Student_914,20,3,86.9,62.7,8,0,Yes,1
10915,Student_915,20,2.9,100,59.1,5,0,Yes,1
10916,Student_916,20,3.5,51,72.9,6,0,Yes,0
10917,Student_917,19,5.4,85.3,59.3,6,0,No,0
10918,Student_918,23,4.4,71.3,74,2,0,No,1
10919,Student_919,21,0.3,71,48.2,2,0,Yes,0
10920,Student_920,18,0.6,70.6,64.4,4,0,Yes,1
10921,Student_921,22,3.6,67.1,87.3,4,1,Yes,1
10922,Student_922,20,5.7,98.2,67.1,3,0,Yes,1
10923,Student_923,22,0.2,88.1,70.1,3,2,Yes,1
10924,Student_924,21,3.8,78.3,75.1,7,0,No,1
10925,Student_925,20,3.7,94.2,85.6,2,0,Yes,1
10926,Student_926,17,7.6,59.8,43.2,7,4,Yes,1
10927,Student_927,19,4,62,76.8,6,2,Yes,0
10928,Student_928,20,5.6,51.9,64,7,0,Yes,1
10929,Student_929,20,5.1,69.6,70.5,6,1,Yes,1
10930,Student_930,19,0.5,79.9,83.9,8,0,Yes,1
10931,Student_931,18,6.3,79.2,50.1,2,0,Yes,1
10932,Student_932,22,5.2,79.8,52.8,4,0,Yes,1
10933,Student_933,24,5.8,61.1,39,7,0,Yes,0
10934,Student_934,20,10,87.6,59.8,2,1,No,1
10935,Student_935,19,0.6,80.9,88,8,1,Yes,0
10936,Student_936,19,8.2,86.8,66.2,5,4,Yes,1
10937,Student_937,17,4.2,55.3,47.9,4,1,Yes,1
10938,Student_938,22,5.4,81.7,60.7,10,0,Yes,1
10939,Student_939,18,4.7,63.7,45.7,2,1,No,0
10940,Student_940,20,4,73.2,51.1,9,4,No,0
10941,Student_941,19,3.7,84.4,73.8,2,1,Yes,0
10942,Student_942,20,5.5,79.1,50.4,6,1,Yes,1
10943,Student_943,21,1.8,67.8,84.7,9,2,Yes,1
10944,Student_944,21,6.3,78.1,66.9,7,0,No,1
10945,Student_945,19,4,59.6,69.3,8,1,Yes,1
10946,Student_946,17,2.5,91.8,63.8,9,2,Yes,1
10947,Student_947,18,3.9,75.5,79.6,7,3,Yes,1
10948,Student_948,22,7.3,91.4,79.7,7,0,No,1
10949,Student_949,22,3.7,71.7,73,7,0,Yes,1
10950,Student_950,20,5.5,71.7,76.5,6,1,Yes,1
10951,Student_951,20,3.3,68.8,64.8,9,0,Yes,1
10952,Student_952,21,6.3,88.5,76.1,3,0,No,1
10953,Student_953,19,6.2,69.5,62.9,8,0,Yes,1
10954,Student_954,22,8.5,85.7,68,5,0,No,1
10955,Student_955,20,4.4,73.4,63.9,2,0,Yes,1
10956,Student_956,19,6.1,54.3,61.1,6,0,Yes,0
10957,Student_957,20,5,71.2,57.7,4,0,No,1
10958,Student_958,18,7.4,63.9,75,5,0,No,1
10959,Student_959,19,3.4,78.4,87.7,8,0,Yes,1
10960,Student_960,21,6.3,63.7,85.6,6,0,Yes,1
10961,Student_961,18,4.4,89.1,49.2,5,0,Yes,1
10962,Student_962,20,4.7,76.9,87.3,2,0,Yes,1
10963,Student_963,19,5,75.9,63.2,7,0,Yes,1
10964,Student_964,19,5.3,85.9,77,7,1,Yes,1
10965,Student_965,19,4.6,89.6,54.4,8,0,Yes,0
10966,Student_966,19,5.2,77.8,70.1,2,0,Yes,1
10967,Student_967,21,8,68.7,72.7,5,1,Yes,1
10968,Student_968,19,6.8,56.7,45.7,10,0,Yes,1
10969,Student_969,20,6.5,69.8,77.1,7,3,Yes,1
10970,Student_970,20,3.9,70.6,88.2,3,1,Yes,1
10971,Student_971,21,3,79.3,65.4,5,0,Yes,0
10972,Student_972,23,6.7,73.9,88.4,7,0,Yes,1
10973,Student_973,21,6.6,86.3,65.2,5,0,Yes,1
10974,Student_974,19,7.7,70.6,80.7,8,0,Yes,1
10975,Student_975,18,3.6,77.3,34.7,4,0,Yes,0
10976,Student_976,19,4.3,92.2,100,7,0,Yes,1
10977,Student_977,20,1.5,82.1,90.4,5,1,Yes,0
10978,Student_978,18,4,77.3,63.7,4,0,Yes,0
10979,Student_979,20,6.8,70.8,38.4,4,0,Yes,1
10980,Student_980,20,3.9,70.4,72.3,3,1,No,1
10981,Student_981,19,6.1,67.8,46.3,4,0,Yes,1
10982,Student_982,21,4.4,71.5,74.7,2,0,No,1
10983,Student_983,18,5.4,87.1,74.2,4,0,Yes,1
10984,Student_984,18,2.5,75.3,53.9,10,0,Yes,1
10985,Student_985,21,5,61.8,84.8,5,3,Yes,1
10986,Student_986,20,0.2,99.2,80.1,4,0,Yes,1
10987,Student_987,21,4.4,81.8,82.6,9,0,No,1
10988,Student_988,20,1.5,61.1,68.1,2,0,Yes,0
10989,Student_989,19,7.2,72.7,46.8,6,0,Yes,1
10990,Student_990,21,6.4,79.3,82.7,2,0,Yes,1
10991,Student_991,21,5.7,98.5,63.9,8,1,Yes,1
10992,Student_992,21,7.8,64.7,47.2,6,2,Yes,1
10993,Student_993,19,2.9,89.7,88.3,3,0,Yes,1
10994,Student_994,20,8.3,94.8,99.5,2,0,No,1
10995,Student_995,19,6.7,70.5,67.4,8,1,Yes,1
10996,Student_996,18,4.3,74.7,100,2,0,Yes,1
10997,Student_997,22,7.1,65.6,69.4,4,0,Yes,1
10998,Student_998,18,2.6,75.6,62.3,7,0,Yes,1
10999,Student_999,23,3.2,77.6,58.5,7,0,Yes,0
11000,Student_1000,,3.6,85.9,92.6,8,0,No,1
11001,Student_1001,19,3.7,91.1,56.3,2,1,Yes,0
11002,Student_1002,20,2.7,69,79,8,1,Yes,1
11003,Student_1003,22,7.2,54.4,59.6,3,0,No,1
11004,Student_1004,21,4.3,77.7,61.1,7,0,Yes,1
11005,Student_1005,21,5.5,81.5,83.5,9,2,Yes,1
11006,Student_1006,21,3.7,81,62.3,6,0,Yes,1
11007,Student_1007,21,1.2,74.1,61.9,4,2,No,1
11008,Student_1008,22,5.3,79.5,85,9,0,Yes,1
11009,Student_1009,19,1,96.2,92,9,0,Yes,1
11010,Student_1010,20,4.7,82.6,77.7,5,0,Yes,1
11011,Student_1011,19,2.1,73.5,58.2,9,2,Yes,0
11012,Student_1012,24,8.8,72,60.3,6,0,Yes,1
11013,Student_1013,23,6.6,76,69.2,6,0,Yes,1
11014,Student_1014,18,5,97.6,72.8,4,0,Yes,0
11015,Student_1015,21,7.3,75.8,53.2,8,2,No,1
11016,Student_1016,22,3.1,77.8,78.8,10,2,Yes,0
11017,Student_1017,19,5.9,72.2,69.3,10,4,Yes,1
11018,Student_1018,20,5.2,91.2,42.3,2,3,No,0
11019,Student_1019,22,5.3,100,54.1,2,0,Yes,1
11020,Student_1020,18,7.3,83.4,60.4,6,0,No,1
11021,Student_1021,21,6.3,79,66.9,2,0,Yes,1
11022,Student_1022,19,5.4,78.4,96.3,5,0,Yes,1
11023,Student_1023,22,1.5,49.4,71.6,2,1,Yes,0
11024,Student_1024,23,2.9,86.9,55.4,3,2,Yes,0
11025,Student_1025,23,4.6,79.6,71.3,3,0,Yes,1
11026,Student_1026,20,5,83.1,62.7,5,0,Yes,1
11027,Student_1027,22,2.5,69.5,72.9,9,2,Yes,0
11028,Student_1028,22,9.6,73.4,76.7,3,0,Yes,1
11029,Student_1029,19,7.8,73.1,86.1,10,0,Yes,1
11030,Student_1030,21,6,90.3,67.6,10,0,Yes,1
11031,Student_1031,18,4.9,73.5,92.6,3,0,Yes,1
11032,Student_1032,20,4.4,100,81.6,2,0,Yes,1
11033,Student_1033,19,2.9,83.2,57.4,10,0,Yes,1
11034,Student_1034,18,5,62.7,100,3,0,Yes,1
11035,Student_1035,18,5.3,76.5,72.9,9,4,Yes,1
11036,Student_1036,21,2.3,70.2,55.5,4,0,Yes,0
11037,Student_1037,19,5.5,51.7,92.8,2,0,Yes,0
11038,Student_1038,21,4.5,97.2,99.2,2,3,No,1
11039,Student_1039,18,1,86.4,67.5,3,0,Yes,1
11040,Student_1040,19,3.1,84.4,60.4,8,0,Yes,1
11041,Student_1041,20,4,80,65.4,7,1,No,1
11042,Student_1042,21,8.6,61.4,78.7,3,0,Yes,1
11043,Student_1043,19,5.9,72.2,87.2,5,1,Yes,1
11044,Student_1044,20,2.1,88.1,76.6,3,0,Yes,1
11045,Student_1045,22,5.8,65.4,69.5,2,0,Yes,1
11046,Student_1046,20,1.7,47.6,90.5,4,0,Yes,1
11047,Student_1047,19,7,75.3,63.3,5,0,Yes,1
11048,Student_1048,17,3.9,76.3,83.5,6,1,Yes,1
11049,Student_1049,22,4.6,79.6,63.7,6,1,Yes,1
11050,Student_1050,17,7.5,86.7,74.5,8,2,Yes,1
11051,Student_1051,22,2.2,85.7,66.3,9,1,Yes,1
11052,Student_1052,20,2,81.1,67.2,10,0,Yes,0
11053,Student_1053,23,3.6,92.3,62.3,8,1,Yes,1
11054,Student_1054,21,6.9,59.8,88.2,6,1,Yes,1
11055,Student_1055,24,1.8,84.1,57,10,1,Yes,0
11056,Student_1056,19,0.2,85.5,56.9,9,1,Yes,0
11057,Student_1057,21,3.9,63.1,99.8,10,0,Yes,1
11058,Student_1058,20,5.9,60,82.7,9,0,Yes,1
11059,Student_1059,20,7.2,69,32.2,7,1,Yes,1
11060,Student_1060,20,3.9,70.1,59.5,5,0,Yes,1
11061,Student_1061,22,4,87,40.8,10,0,Yes,1
11062,Student_1062,24,7.1,70.6,53.7,10,0,Yes,1
11063,Student_1063,21,1.1,67.7,20.9,10,0,Yes,0
11064,Student_1064,20,4,70.7,65.9,4,0,Yes,1
11065,Student_1065,20,5.2,91.4,50.9,4,0,Yes,1
11066,Student_1066,21,5.7,78.2,68.9,7,0,No,1
11067,Student_1067,19,3.8,75.8,43.6,7,0,Yes,1
11068,Student_1068,18,4.9,76.7,69.2,7,1,Yes,0
11069,Student_1069,19,0.2,93.5,61.8,6,0,No,0
11070,Student_1070,19,3.5,69,90.5,6,0,Yes,1
11071,Student_1071,19,5.7,93.8,89.2,3,0,No,1
11072,Student_1072,19,2.8,80.5,79.8,8,1,Yes,1
11073,Student_1073,18,4.9,76.1,63.1,5,0,Yes,1
11074,Student_1074,17,5.7,100,97.8,4,3,Yes,1
11075,Student_1075,24,4.1,65.3,44.7,9,2,Yes,1
11076,Student_1076,20,5.1,73.8,46.9,5,2,Yes,0
11077,Student_1077,19,2.9,63.2,66.7,5,2,Yes,0
11078,Student_1078,21,4.4,89.4,100,9,0,Yes,1
11079,Student_1079,19,6,98.3,65,2,0,Yes,1
11080,Student_1080,23,5.1,98,65.3,10,1,Yes,1
11081,Student_1081,21,3.6,92.7,46.4,8,1,Yes,0
11082,Student_1082,18,5.2,75.6,82.2,3,2,Yes,1
11083,Student_1083,20,6.2,73.6,82.3,7,1,Yes,1
11084,Student_1084,22,0.7,57.9,79.8,9,4,Yes,0
11085,Student_1085,23,7.1,100,58.6,6,0,No,1
11086,Student_1086,20,4.1,83.6,57.4,7,1,Yes,0
11087,Student_1087,20,5.7,72.1,48.6,9,1,Yes,1
11088,Student_1088,19,7.2,93.9,69.3,7,1,Yes,1
11089,Student_1089,24,2.1,66.3,51.8,10,0,No,1
11090,Student_1090,19,3.4,82.9,50.3,10,1,Yes,1
11091,Student_1091,23,4.2,75.9,61.6,10,2,Yes,1
11092,Student_1092,20,3.2,85.7,60.7,7,0,Yes,1
11093,Student_1093,20,8.3,77.2,59.9,10,1,Yes,1
11094,Student_1094,20,3.1,60.6,75,4,0,Yes,1
11095,Student_1095,19,3.7,78.9,69.2,6,4,No,0
11096,Student_1096,19,5.2,90.6,63.7,3,0,No,1
11097,Student_1097,19,2.4,77.6,70.7,9,0,Yes,1
11098,Student_1098,19,4,87.3,53.1,5,0,Yes,1
11099,Student_1099,21,5.4,65.5,69.6,7,1,No,1
11100,Student_1100,19,4.1,77.7,70.3,7,0,Yes,1
11101,Student_1101,18,4.6,70.5,45.5,6,0,Yes,1
11102,Student_1102,23,3.7,87,82.9,2,2,Yes,1
11103,Student_1103,22,1.8,78.4,54.8,8,2,Yes,0
11104,Student_1104,22,5.4,86.3,69.4,9,0,Yes,1
11105,Student_1105,24,8.3,91.1,85.5,2,4,No,1
11106,Student_1106,19,4.8,86.3,81.9,8,1,Yes,1
11107,Student_1107,19,5.3,81.3,68.5,5,0,Yes,1
11108,Student_1108,21,6.2,66,62.6,7,0,Yes,0
11109,Student_1109,21,2.3,78,82.2,10,0,Yes,1
11110,Student_1110,19,8.2,71.6,78.1,6,1,Yes,1
11111,Student_1111,21,5.2,73.9,58.7,9,0,Yes,1
11112,Student_1112,19,8.1,73.5,56.1,6,0,Yes,1
11113,Student_1113,19,3.3,66.2,36.9,3,1,No,1
11114,Student_1114,20,8.4,54.5,70.3,5,0,Yes,0
11115,Student_1115,20,6.4,70,66.8,3,1,Yes,1
11116,Student_1116,20,5.9,80.3,85,8,1,Yes,1
11117,Student_1117,18,5.3,61.8,73.4,8,0,Yes,1
11118,Student_1118,22,4.3,78.2,88,4,2,Yes,0
11119,Student_1119,19,7.2,100,57.5,8,0,Yes,1
11120,Student_1120,18,5.1,90.3,85.1,2,0,Yes,1
11121,Student_1121,22,0.9,97.7,60.1,2,1,Yes,1
11122,Student_1122,23,2.6,82.7,79.7,10,0,Yes,1
11123,Student_1123,22,4.4,92,46.1,7,3,Yes,0
11124,Student_1124,21,5.4,69.3,71.5,6,0,Yes,1
11125,Student_1125,21,4.7,70.3,38.2,7,0,Yes,1
11126,Student_1126,20,7.2,45.1,64,7,2,Yes,1
11127,Student_1127,18,0.9,92.2,74.6,2,0,Yes,0
11128,Student_1128,20,5.1,96.5,60.2,6,1,Yes,1
11129,Student_1129,19,1.2,71.4,52.2,10,0,Yes,0
11130,Student_1130,19,6.3,75,80.7,5,1,Yes,1
11131,Student_1131,21,4.6,69,66.4,4,0,Yes,1
11132,Student_1132,20,5.6,82.6,60.7,2,0,Yes,1
11133,Student_1133,18,3.1,91.5,68.6,3,0,Yes,1
11134,Student_1134,19,7.4,57.1,100,4,0,Yes,0
11135,Student_1135,21,6.9,82.9,85.3,5,1,No,0
11136,Student_1136,18,6,74.7,85.4,8,0,Yes,1
11137,Student_1137,22,4.5,79.4,74.5,7,0,No,1
11138,Student_1138,20,6,83.5,70.5,9,0,Yes,1
11139,Student_1139,20,3.4,75.7,32.1,10,1,No,0
11140,Student_1140,20,6.5,76.8,57.8,7,1,Yes,1
11141,Student_1141,21,8.1,75.4,60.8,8,0,Yes,1
11142,Student_1142,19,6.9,89.6,39.9,5,0,Yes,1
11143,Student_1143,21,3.3,83,50.6,3,0,Yes,0
11144,Student_1144,20,5.5,80.6,38.3,10,1,No,1
11145,Student_1145,19,2.2,62.7,67.4,10,0,Yes,1
11146,Student_1146,22,5.9,73.5,80.3,5,0,No,1
11147,Student_1147,21,5.7,88.8,84.6,4,1,Yes,1
11148,Student_1148,21,1.1,78.5,74.2,7,2,Yes,0
11149,Student_1149,22,2.5,85.9,53.5,4,0,Yes,0
11150,Student_1150,22,4.2,99.2,39,2,1,No,0
11151,Student_1151,21,4.2,90.5,41.6,5,0,Yes,1
11152,Student_1152,22,2.4,79.1,49,2,2,Yes,0
11153,Student_1153,21,5.6,71.9,54.7,3,0,Yes,1
11154,Student_1154,21,5.3,47.4,65.6,4,0,Yes,1
11155,Student_1155,20,4.4,76,52.8,9,2,No,0
11156,Student_1156,21,3.3,74.1,73.1,5,0,Yes,1
11157,Student_1157,19,6.9,82.7,64.5,5,0,Yes,1
11158,Student_1158,22,8.1,76.2,68.2,10,0,Yes,0
11159,Student_1159,22,3.8,74.2,85.1,8,2,Yes,1
11160,Student_1160,17,3.6,56.6,50.3,3,0,Yes,0
11161,Student_1161,21,5.8,66.7,74.3,4,2,Yes,0
11162,Student_1162,18,4.1,83.7,67.8,5,0,Yes,1
11163,Student_1163,19,4.5,98.6,63,5,0,Yes,1
11164,Student_1164,21,6.3,76.8,81.3,9,0,Yes,1
11165,Student_1165,19,1,81.9,81.2,7,0,Yes,1
11166,Student_1166,21,7.4,89.4,53.8,4,1,No,1
11167,Student_1167,22,4.9,68.3,65.3,10,1,No,1
11168,Student_1168,20,4,82.4,72.2,9,0,Yes,1
11169,Student_1169,17,4.6,69.1,63.9,10,0,Yes,1
11170,Student_1170,19,4.7,88.4,76.8,6,1,Yes,1
11171,Student_1171,20,1.3,79.8,72.2,4,2,Yes,0
11172,Student_1172,24,7.8,81.6,95.5,5,1,Yes,1
11173,Student_1173,20,4.9,68.6,45,6,1,Yes,1
11174,Student_1174,19,5.7,86.5,66.2,10,0,Yes,1
11175,Student_1175,20,6.7,100,54.4,10,2,Yes,1
11176,Student_1176,20,2.8,65.9,77.1,4,0,Yes,1
11177,Student_1177,21,5.7,73.9,43.7,8,0,Yes,1
11178,Student_1178,18,4.3,80.8,73.2,7,2,Yes,1
11179,Student_1179,21,6.5,87.4,58.5,5,3,Yes,1
11180,Student_1180,20,0.5,71.3,57,6,1,Yes,1
11181,Student_1181,23,4.6,44,46.3,3,0,Yes,0
11182,Student_1182,19,3.6,94.3,61,8,0,Yes,1
11183,Student_1183,20,5.7,87.1,84.3,5,0,Yes,1
11184,Student_1184,23,5.7,57.1,67.6,3,2,Yes,1
11185,Student_1185,18,3.4,70.7,77.4,7,0,Yes,1
11186,Student_1186,23,3.4,96.8,93,3,1,Yes,1
11187,Student_1187,21,4.6,95.4,72,3,0,No,1
11188,Student_1188,18,3,89.3,59.6,8,1,Yes,0
11189,Student_1189,19,6.5,75.9,75,2,2,Yes,1
11190,Student_1190,21,4.1,79,59.8,8,0,Yes,1
11191,Student_1191,18,0.2,76.4,60.4,6,0,Yes,1
11192,Student_1192,20,4.1,91.5,45.2,2,1,No,1
11193,Student_1193,19,2.7,67.5,81.9,7,0,Yes,1
11194,Student_1194,20,1.5,68.3,62.2,8,1,Yes,0
11195,Student_1195,18,2.3,90.1,70.7,2,1,Yes,0
11196,Student_1196,22,5,77.5,52.5,10,0,Yes,1
11197,Student_1197,23,7.5,94.5,74.5,8,2,No,0
11198,Student_1198,23,5.4,69.9,56.6,2,0,Yes,1
11199,Student_1199,21,3.6,77.3,65.9,4,2,Yes,1
11200,Student_1200,18,5.7,66.9,81.2,6,0,No,1
11201,Student_1201,21,3.9,78.1,79.9,5,1,Yes,0
11202,Student_1202,17,3.4,60.3,67.7,3,0,Yes,1
11203,Student_1203,17,2.5,72.1,41.5,2,0,Yes,0
11204,Student_1204,19,1.3,60.8,100,5,0,Yes,1
11205,Student_1205,20,4,86.3,94.2,8,1,Yes,1
11206,Student_1206,21,5.1,86.6,78.8,5,0,Yes,1
11207,Student_1207,21,4.6,57.2,56.7,10,2,Yes,1
11208,Student_1208,20,4,94,66.3,9,0,No,1
11209,Student_1209,19,2.9,100,59.8,9,1,Yes,1
11210,Student_1210,24,6,78.6,87,6,1,Yes,1
11211,Student_1211,20,2.2,70.3,71.9,2,0,Yes,0
11212,Student_1212,20,6.4,100,56.2,10,0,Yes,1
11213,Student_1213,19,2.8,62.2,60.9,3,0,Yes,0
11214,Student_1214,21,3.3,78.2,84.8,7,0,No,1
11215,Student_1215,21,1.9,80.2,92,6,0,Yes,1
11216,Student_1216,19,3.8,94.1,90.9,9,1,No,1
11217,Student_1217,18,6.8,82.3,79.4,4,0,Yes,1
11218,Student_1218,21,5.8,72,64.2,7,1,Yes,1
11219,Student_1219,21,6.8,66.6,20,7,2,Yes,0
11220,Student_1220,19,5.8,73.9,72.5,4,0,Yes,1
11221,Student_1221,23,2.6,65.9,68,8,0,Yes,1
11222,Student_1222,19,4.1,78.6,70.1,5,0,Yes,1
11223,Student_1223,20,3.2,71.2,68.8,6,2,Yes,1
11224,Student_1224,23,7.5,60.1,48.1,10,0,No,1
11225,Student_1225,20,2.4,93.1,76.4,7,0,Yes,0
11226,Student_1226,20,6.6,72,77.5,5,3,Yes,1
11227,Student_1227,19,6.6,62.8,78.2,9,0,Yes,1
11228,Student_1228,19,8.5,76,82.2,10,1,Yes,1
11229,Student_1229,24,4,78.8,77.1,6,0,No,1
11230,Student_1230,20,6.2,57,61.8,3,0,Yes,1
11231,Student_1231,22,9.4,82,66.9,7,1,Yes,1
11232,Student_1232,19,3.6,65.4,69.4,9,0,Yes,1
11233,Student_1233,19,1.7,98.5,69.6,6,1,No,1
11234,Student_1234,18,1,84.3,83,2,0,No,1
11235,Student_1235,21,6.2,73.2,77.7,9,2,Yes,1
11236,Student_1236,19,1,69.1,99.2,10,0,Yes,1
11237,Student_1237,22,4.1,76.7,100,2,0,Yes,1
11238,Student_1238,20,5.7,85.4,69.2,9,0,Yes,1
11239,Student_1239,23,5.2,77.7,20,3,0,Yes,1
11240,Student_1240,19,5.7,75.4,86.6,5,0,Yes,1
11241,Student_1241,22,5.2,78.7,59.9,3,0,Yes,1
11242,Student_1242,21,7.4,70.8,56,3,0,Yes,1
11243,Student_1243,21,2.9,73.9,62,4,0,Yes,1
11244,Student_1244,22,3.4,53,61.3,9,0,Yes,0
11245,Student_1245,21,3.3,89.7,77.2,5,0,Yes,1
11246,Student_1246,20,6.5,81.6,44.6,8,0,Yes,0
11247,Student_1247,18,6.6,68.7,51.8,4,4,Yes,0
11248,Student_1248,18,5.7,100,73.1,4,0,Yes,1
11249,Student_1249,22,7.2,79,77.3,3,0,No,1
11250,Student_1250,20,2.4,65.6,77.6,7,0,Yes,1
11251,Student_1251,21,8.1,88.3,56.2,7,2,Yes,1
11252,Student_1252,20,7.8,82.8,53.3,2,0,No,1
11253,Student_1253,18,6.3,82.7,60.4,8,1,Yes,1
11254,Student_1254,18,8.4,72.9,71.6,5,0,No,1
11255,Student_1255,21,1.5,83.4,90.3,4,0,Yes,1
11256,Student_1256,20,3.8,74.9,37.3,9,1,Yes,1
11257,Student_1257,19,3.3,84.7,64.7,3,0,Yes,1
11258,Student_1258,20,6.2,55.1,48,10,0,Yes,1
11259,Student_1259,18,2.7,72.8,43.2,9,1,Yes,0
11260,Student_1260,20,6.3,98.7,82.5,9,1,Yes,1
11261,Student_1261,19,7.5,68.8,76.2,4,2,No,1
11262,Student_1262,21,6.2,70.8,74.7,5,1,Yes,1
11263,Student_1263,19,5.4,72.6,81.8,3,1,Yes,1
11264,Student_1264,20,2.8,63.4,60.8,3,1,Yes,1
11265,Student_1265,17,3.1,51.5,61.5,5,0,Yes,1
11266,Student_1266,18,7.3,75.2,100,7,1,Yes,1
11267,Student_1267,19,6.4,79.6,64.3,6,0,Yes,1
11268,Student_1268,20,4.7,77.4,79,2,0,Yes,1
11269,Student_1269,20,4,76.3,68.1,2,0,Yes,1
11270,Student_1270,19,0.7,78.5,40.3,7,0,Yes,0
11271,Student_1271,21,2.7,90.3,37.3,4,1,Yes,0
11272,Student_1272,22,8.6,75.7,59.3,4,0,Yes,1
11273,Student_1273,21,2.2,71.1,83.8,8,3,Yes,1
11274,Student_1274,18,5.2,74.6,79.8,2,0,Yes,1
11275,Student_1275,20,6.8,85,81.7,2,0,Yes,1
11276,Student_1276,18,2.3,94.9,53.2,4,0,Yes,1
11277,Student_1277,19,5.2,70.5,92.2,9,0,Yes,1
11278,Student_1278,24,6.7,79.2,53.5,2,1,Yes,1
11279,Student_1279,18,4.8,82.1,71.2,5,1,Yes,1
11280,Student_1280,20,10,66.1,67.8,10,1,Yes,1
11281,Student_1281,20,1.5,78.2,65.4,5,2,Yes,1
11282,Student_1282,21,6.9,60.4,88.1,9,0,No,1
11283,Student_1283,20,4.5,56.8,57.4,8,0,Yes,1
11284,Student_1284,17,6.3,82.4,47.8,4,1,Yes,1
11285,Student_1285,19,5.7,73.4,68.3,8,0,Yes,0
11286,Student_1286,20,3.3,80.4,62,8,0,No,1
11287,Student_1287,18,5.3,77.8,100,4,0,Yes,1
11288,Student_1288,19,1.1,66.3,78.1,3,0,Yes,1
11289,Student_1289,18,6,77.5,61.9,10,0,Yes,1
11290,Student_1290,18,5.4,63.2,52.2,2,1,Yes,0
11291,Student_1291,19,6.1,94.7,39.8,8,0,Yes,1
11292,Student_1292,18,6.9,61.7,52.6,5,0,Yes,1
11293,Student_1293,20,5.5,75.7,69.7,3,0,Yes,1
11294,Student_1294,21,5.1,65.5,89.4,3,2,No,1
11295,Student_1295,21,3,84.8,84.8,9,3,Yes,1
11296,Student_1296,19,3.4,74,71.4,8,1,Yes,1
11297,Student_1297,19,7.2,71.8,63.2,8,0,Yes,1
11298,Student_1298,18,7.7,88.2,72,6,2,Yes,1
11299,Student_1299,20,4.3,78.4,60.2,9,1,No,1
11300,Student_1300,21,4.9,84.2,93.8,3,2,Yes,1
11301,Student_1301,18,3,66.2,65.2,3,1,Yes,0
11302,Student_1302,23,7.1,61.1,66.7,6,0,No,1
11303,Student_1303,18,6.1,79.3,34.8,2,0,Yes,1
11304,Student_1304,20,8.7,74.2,65.1,7,0,Yes,1
11305,Student_1305,21,3,85.5,80.5,5,0,Yes,1
11306,Student_1306,22,4,77,52,7,1,No,0
11307,Student_1307,21,5.3,80.5,56.7,8,2,No,0
11308,Student_1308,21,6.1,58.5,79.9,4,1,Yes,1
11309,Student_1309,19,4.4,100,45.9,9,0,Yes,1
11310,Student_1310,21,3.1,76,83.9,8,0,No,1
11311,Student_1311,18,6.6,86.4,60,2,0,Yes,1
11312,Student_1312,22,6.2,68,62.2,7,0,No,0
11313,Student_1313,20,3,81.7,51.1,8,0,Yes,0
11314,Student_1314,21,7.5,62.4,73.7,5,0,Yes,1
11315,Student_1315,20,7.1,83.4,100,3,0,Yes,1
11316,Student_1316,20,5.1,73.7,79.7,10,4,Yes,0
11317,Student_1317,20,5,78.4,55,8,0,Yes,1
11318,Student_1318,21,5.9,86.4,85,2,2,No,1
11319,Student_1319,18,3.1,63.2,63.2,9,0,Yes,0
11320,Student_1320,18,4.9,69.8,88.6,4,0,No,1
11321,Student_1321,19,0.5,83.5,80.1,5,1,Yes,0
11322,Student_1322,19,6.6,100,23.9,6,1,Yes,0
11323,Student_1323,22,1.7,76.3,52.9,2,0,No,0
11324,Student_1324,19,7.8,85.1,82.2,7,0,Yes,1
11325,Student_1325,23,4.1,76.7,70.3,7,0,Yes,1
11326,Student_1326,19,4.4,100,52.6,3,1,Yes,1
11327,Student_1327,19,3.5,57,58.5,7,2,Yes,1
11328,Student_1328,21,4.2,79.1,39.4,9,0,Yes,1
11329,Student_1329,21,7.6,58.5,66.7,7,0,Yes,1
11330,Student_1330,20,0.2,47.9,100,5,2,No,0
11331,Student_1331,20,7.4,81.6,80.1,5,0,Yes,1
11332,Student_1332,21,5.5,79.7,100,10,1,Yes,1
11333,Student_1333,19,2.4,74.6,81.2,7,0,Yes,1
11334,Student_1334,24,2.6,76.7,,9,0,Yes,1
11335,Student_1335,23,8.2,100,97.6,9,0,Yes,1
11336,Student_1336,21,2.9,74.9,73.7,8,0,No,1
11337,Student_1337,19,2.5,84.1,65.2,4,0,Yes,0
11338,Student_1338,21,7.1,70.2,83.5,2,1,Yes,1
11339,Student_1339,18,5.5,81.5,89.8,6,1,No,1
11340,Student_1340,18,2.9,75.1,60.8,3,1,Yes,0
11341,Student_1341,19,5.2,73.1,57.2,3,1,No,0
11342,Student_1342,20,2.7,99.8,70.1,8,0,Yes,1
11343,Student_1343,22,7,92.1,80.5,4,0,Yes,1
11344,Student_1344,21,6.9,79.6,80,9,1,No,1
11345,Student_1345,21,5.9,50.3,46.6,10,0,Yes,1
11346,Student_1346,20,5.5,73.7,96.7,9,0,Yes,1
11347,Student_1347,19,8.3,100,58.4,7,0,No,1
11348,Student_1348,19,4.8,75.2,64,6,0,Yes,1
11349,Student_1349,24,2.4,91.2,54.5,4,0,Yes,1
11350,Student_1350,18,5.7,95.3,100,4,1,Yes,1
11351,Student_1351,22,9,80.6,71.6,8,2,No,1
11352,Student_1352,20,2.8,67.9,55.2,6,2,Yes,0
11353,Student_1353,20,4.1,48.8,81,7,2,Yes,1
11354,Student_1354,21,5.6,86.2,79.5,7,2,Yes,1
11355,Student_1355,20,4.7,68.2,65.2,10,0,Yes,1
11356,Student_1356,22,2.8,80.1,80.6,2,0,No,1
11357,Student_1357,22,7,63,55.6,9,1,No,1
11358,Student_1358,20,9.4,74.8,60.6,6,0,No,1
11359,Student_1359,19,5.2,78.4,37.8,7,0,Yes,1
11360,Student_1360,20,3,81.2,48.1,7,0,Yes,1
11361,Student_1361,22,1.7,64.6,95.1,2,0,Yes,1
11362,Student_1362,19,5.3,92.4,92.6,4,0,Yes,1
11363,Student_1363,20,7,70.8,69,7,0,Yes,1
11364,Student_1364,20,5.8,57.9,92.9,10,0,No,1
11365,Student_1365,21,4.8,76.7,65.6,7,2,No,0
11366,Student_1366,18,3.6,78.4,64.3,7,0,No,1
11367,Student_1367,21,2.6,79.9,68.8,2,2,No,1
11368,Student_1368,22,6.5,94.3,66.1,10,0,No,1
11369,Student_1369,19,6.6,75.2,64.8,5,0,Yes,0
11370,Student_1370,19,1.7,76.6,85.2,3,0,No,1
11371,Student_1371,23,8,64.8,70.3,2,0,Yes,1
11372,Student_1372,19,5.9,87.8,78.7,4,1,Yes,1
11373,Student_1373,22,7.6,80.2,83.5,4,1,Yes,1
11374,Student_1374,20,2.1,73,73.8,6,1,Yes,0
11375,Student_1375,19,2.1,55.1,53.4,2,3,Yes,0
11376,Student_1376,22,4.5,95.3,47.7,8,0,Yes,1
11377,Student_1377,20,5.8,63.3,70.2,2,0,Yes,1
11378,Student_1378,20,8.4,70.9,65.4,5,0,No,1
11379,Student_1379,19,6.2,82.3,69.3,7,0,No,1
11380,Student_1380,20,4.3,63.6,67.8,2,0,Yes,0
11381,Student_1381,19,2.7,60.1,100,8,0,Yes,1
11382,Student_1382,19,7.3,52.5,48,8,0,Yes,1
11383,Student_1383,23,2.9,86.7,38.2,4,0,Yes,0
11384,Student_1384,19,8.1,71.5,73,5,0,Yes,1
11385,Student_1385,21,4.2,100,62.4,7,1,No,1
11386,Student_1386,19,8,66.1,72.7,8,0,Yes,1
11387,Student_1387,21,6.2,66.9,76.8,5,1,Yes,1
11388,Student_1388,18,4.5,71.2,87.3,10,1,Yes,1
11389,Student_1389,23,3.8,80.9,45.4,10,0,Yes,1
11390,Student_1390,20,4.1,72.4,59.6,10,0,Yes,1
11391,Student_1391,19,5.7,85.3,74.4,7,0,Yes,1
11392,Student_1392,18,5,66.3,79.6,3,2,No,1
11393,Student_1393,19,3.6,61.4,100,3,1,Yes,0
11394,Student_1394,20,4.5,56.4,82.3,5,0,Yes,0
11395,Student_1395,19,5,51.3,67.1,10,0,Yes,1
11396,Student_1396,21,0.5,71.8,54.6,4,3,Yes,0
11397,Student_1397,20,5.7,74.4,59.5,7,0,Yes,0
11398,Student_1398,19,2.8,70.4,59.1,3,1,Yes,0
11399,Student_1399,20,2.5,92.9,77.8,2,0,Yes,1
11400,Student_1400,21,1.4,92.7,71.9,6,0,Yes,1
11401,Student_1401,19,1.2,,48.1,9,1,Yes,1
11402,Student_1402,19,2.1,56.5,61.5,3,1,Yes,1
11403,Student_1403,18,3.4,71.2,81.2,10,1,Yes,1
11404,Student_1404,21,8.7,70.8,73.3,9,0,Yes,1
11405,Student_1405,21,3.7,70.1,76.5,4,0,Yes,1
11406,Student_1406,20,5.2,69.6,73.7,2,1,Yes,1
11407,Student_1407,22,5.6,70.2,92.4,5,0,Yes,1
11408,Student_1408,21,5.1,73.4,71.5,9,0,Yes,1
11409,Student_1409,20,4.6,70.4,62.2,4,2,Yes,1
11410,Student_1410,22,2.4,80.5,54.3,3,0,Yes,1
11411,Student_1411,19,7.7,82.3,71.7,8,0,Yes,1
11412,Student_1412,18,8.4,67.1,31.4,5,1,No,0
11413,Student_1413,19,1.4,93.3,65.2,7,4,Yes,0
11414,Student_1414,18,2.8,66.2,64.9,6,0,Yes,1
11415,Student_1415,20,4.2,58.6,47.5,3,0,No,1
11416,Student_1416,23,2.9,82.6,54.1,3,2,No,0
11417,Student_1417,18,5.8,68.2,80.1,10,1,Yes,1
11418,Student_1418,18,3.3,81.9,71.5,3,1,Yes,1
11419,Student_1419,20,9.1,49.2,69.5,9,0,Yes,1
11420,Student_1420,23,7.2,94.7,72.6,9,0,Yes,1
11421,Student_1421,19,5.2,86.1,69.4,2,0,Yes,0
11422,Student_1422,20,6.9,60,86.6,2,2,No,0
11423,Student_1423,18,7,60.3,69.9,5,2,Yes,0
11424,Student_1424,18,3.7,98.1,46.1,3,0,Yes,0
11425,Student_1425,24,3.2,69.2,92.5,2,0,Yes,1
11426,Student_1426,23,5,68,73.6,10,0,Yes,1
11427,Student_1427,17,6.5,50.8,59.2,4,3,Yes,0
11428,Student_1428,23,5.1,73.8,49.2,2,1,Yes,1
11429,Student_1429,20,1.6,75.3,73.9,3,0,Yes,1
11430,Student_1430,22,3.2,86.6,66.2,9,0,Yes,1
11431,Student_1431,20,4.7,61.2,91.6,6,0,No,0
11432,Student_1432,20,4.6,59.8,62.8,8,0,No,1
11433,Student_1433,20,8.7,83.4,55.4,7,1,Yes,1
11434,Student_1434,21,2,90.1,81.4,2,1,No,1
11435,Student_1435,18,5.8,59.1,81.9,7,0,Yes,1
11436,Student_1436,17,7.8,91,70.5,8,0,Yes,1
11437,Student_1437,19,9.3,78.5,78.1,5,2,Yes,1
11438,Student_1438,21,4,91.1,67.4,9,0,Yes,1
11439,Student_1439,19,5.8,77.2,71.5,9,0,Yes,1
11440,Student_1440,21,5.9,47.7,85.5,8,2,Yes,1
11441,Student_1441,23,5.2,76.2,77.4,3,1,Yes,1
11442,Student_1442,18,4.6,90.7,65.5,7,1,Yes,1
11443,Student_1443,21,5.7,67.3,88.3,7,0,Yes,1
11444,Student_1444,20,0.2,73.3,32.5,8,0,Yes,0
11445,Student_1445,22,6.2,75.9,98.8,7,0,Yes,1
11446,Student_1446,19,5.1,43.2,42.4,3,0,No,0
11447,Student_1447,21,4.4,98.1,58.6,9,1,Yes,1
11448,Student_1448,22,8.9,67.2,67.4,5,0,Yes,1
11449,Student_1449,23,3.5,84.1,65.8,10,1,Yes,1
11450,Student_1450,21,4,77,83.1,9,0,Yes,1
11451,Student_1451,20,8.8,93.1,52.1,4,0,Yes,1
11452,Student_1452,20,3.1,82.9,71.9,4,4,Yes,0
11453,Student_1453,22,3.7,75.2,59.3,9,0,Yes,1
11454,Student_1454,20,4.5,67.3,72.4,3,0,Yes,1
11455,Student_1455,18,6.5,87.6,67,10,0,Yes,1
11456,Student_1456,23,5.2,55.5,69.4,5,0,Yes,1
11457,Student_1457,21,2.2,85.8,59.8,7,0,Yes,1
11458,Student_1458,21,3.7,64.8,60.3,4,0,Yes,1
11459,Student_1459,19,3.6,93,72.3,4,1,Yes,0
11460,Student_1460,21,4.6,79.9,82.2,4,1,Yes,1
11461,Student_1461,19,5.7,85.7,59,3,0,No,0
11462,Student_1462,21,5.6,79,55,9,0,Yes,1
11463,Student_1463,18,1.2,57,77.2,10,0,Yes,1
11464,Student_1464,21,6.9,67.7,67.5,9,0,Yes,1
11465,Student_1465,24,5.3,86.1,80.5,4,0,Yes,1
11466,Student_1466,18,7.6,80,54.4,8,1,No,1
11467,Student_1467,23,5.7,92.2,41.3,3,0,Yes,1
11468,Student_1468,20,7,82.8,60,5,1,Yes,1
11469,Student_1469,22,5.7,66.4,56.5,7,2,No,0
11470,Student_1470,21,7.5,68.4,66.8,6,1,No,1
11471,Student_1471,20,5.8,79.2,58.4,10,0,Yes,1
11472,Student_1472,21,4.6,50.2,79.1,5,0,Yes,1
11473,Student_1473,22,9.3,98.1,63.7,6,2,Yes,1
11474,Student_1474,20,6.6,83.3,70.3,5,0,Yes,1
11475,Student_1475,19,5.9,92.7,70.4,9,1,No,1
11476,Student_1476,21,2.2,59,70.9,9,0,Yes,1
11477,Student_1477,21,2.2,92.9,67.6,4,0,Yes,1
11478,Student_1478,21,5.4,100,75.7,2,1,Yes,1
11479,Student_1479,21,5.1,62.1,56.1,7,1,Yes,1
11480,Student_1480,20,3.6,87.3,89,3,1,Yes,1
11481,Student_1481,21,5.1,78,64.5,3,2,Yes,1
11482,Student_1482,18,8,59.5,48.3,4,0,Yes,1
11483,Student_1483,20,6.2,83.9,70.8,9,0,Yes,1
11484,Student_1484,17,2.5,88,55.2,4,2,No,0
11485,Student_1485,19,4.6,70.8,78,8,0,Yes,1
11486,Student_1486,19,3.2,92,100,10,1,Yes,1
11487,Student_1487,19,4,58,56.2,9,0,Yes,0
11488,Student_1488,21,4,60.1,73,2,0,Yes,0
11489,Student_1489,19,3.8,79.6,41.7,8,0,Yes,1
11490,Student_1490,20,2.3,78.3,74.8,8,0,Yes,1
11491,Student_1491,19,4.5,69.4,54.7,9,2,Yes,1
11492,Student_1492,19,3.7,87.7,58.6,6,1,Yes,1
11493,Student_1493,19,0.2,84.4,51.5,10,1,Yes,0
11494,Student_1494,18,8.9,88.3,79,10,0,Yes,1
11495,Student_1495,20,7,76.5,83.1,9,0,No,1
11496,Student_1496,21,4,85.2,68.4,7,0,Yes,1
11497,Student_1497,20,4.8,72.7,55,7,0,No,1
11498,Student_1498,20,2.5,100,91.8,2,0,Yes,1
11499,Student_1499,19,8.2,68.2,56.7,7,0,Yes,1
11500,Student_1500,22,8.6,100,35.6,5,0,Yes,0
11501,Student_1501,20,5.1,78.4,74.9,5,0,Yes,1
11502,Student_1502,20,6.8,61.5,51.4,3,0,Yes,1
11503,Student_1503,17,5.2,94.4,82.8,5,0,Yes,1
11504,Student_1504,19,2.1,79.5,62.3,6,0,Yes,0
11505,Student_1505,19,4,88.2,77.1,6,0,Yes,1
11506,Student_1506,19,5.1,92.7,89,6,3,Yes,1
11507,Student_1507,20,3.9,82.1,49.9,5,0,Yes,1
11508,Student_1508,20,4.4,70.9,59.5,2,2,Yes,1
11509,Student_1509,20,4.6,89.7,66.9,9,0,Yes,1
11510,Student_1510,21,4.6,78,91.1,4,2,Yes,1
11511,Student_1511,21,4.9,86.2,58.1,3,0,Yes,1
11512,Student_1512,21,2.7,52.2,59.1,10,1,Yes,1
11513,Student_1513,23,3.4,83.4,75.2,8,0,Yes,1
11514,Student_1514,17,2.2,70.3,59.3,10,1,Yes,1
11515,Student_1515,19,6.8,97.8,70.3,3,0,Yes,1
11516,Student_1516,17,0.6,85.5,44.7,10,0,Yes,1
11517,Student_1517,20,7.1,80.9,100,10,1,No,1
11518,Student_1518,22,7.6,83.8,47.8,10,0,No,1
11519,Student_1519,19,4.2,66,63.2,5,2,Yes,1
11520,Student_1520,22,0.2,97.5,67.5,4,0,Yes,0
11521,Student_1521,18,4.1,100,96.7,7,0,Yes,1
11522,Student_1522,23,4.7,82.7,48.1,4,1,Yes,1
11523,Student_1523,19,2.8,97.1,97.8,10,0,Yes,0
11524,Student_1524,18,3.8,71.2,79.4,4,0,Yes,1
11525,Student_1525,20,7.9,68.4,74.3,3,1,Yes,0
11526,Student_1526,19,6.1,78.5,53.2,9,1,Yes,1
11527,Student_1527,19,3,83.2,76.6,7,2,Yes,1
11528,Student_1528,19,1.6,73.3,57.1,9,0,Yes,1
11529,Student_1529,21,4.1,84.5,87,8,0,Yes,1
11530,Student_1530,20,4.4,81.7,53.4,4,0,Yes,1
11531,Student_1531,19,5.8,66,66.3,9,0,Yes,1
11532,Student_1532,20,3.7,84.2,59.7,2,1,Yes,1
11533,Student_1533,21,5.8,88.4,53.2,2,0,Yes,1
11534,Student_1534,19,8.7,80.1,79.1,9,0,Yes,1
11535,Student_1535,20,6.4,91.8,76,10,0,Yes,1
11536,Student_1536,18,4.7,63.4,86.1,7,1,Yes,1
11537,Student_1537,19,4.4,83.6,41.3,6,2,Yes,0
11538,Student_1538,21,4.1,64,84,3,1,Yes,0
11539,Student_1539,19,7.2,64.6,100,10,0,Yes,1
11540,Student_1540,20,3.5,70.4,61.2,7,1,Yes,0
11541,Student_1541,21,4.9,66.7,96.4,9,1,Yes,1
11542,Student_1542,18,4.9,71.4,64.1,10,0,Yes,1
11543,Student_1543,20,3.8,75.4,47.4,10,0,Yes,1
11544,Student_1544,19,2.1,88,63.4,9,0,Yes,1
11545,Student_1545,23,5.4,74.1,83.7,9,0,Yes,1
11546,Student_1546,20,4.7,59,55.4,4,1,Yes,1
11547,Student_1547,21,5.8,91.7,59,4,0,Yes,1
11548,Student_1548,20,3.7,68,76.9,3,0,Yes,1
11549,Student_1549,18,7.2,77.3,68,2,2,No,1
11550,Student_1550,20,3,83.4,76.8,5,1,Yes,1
11551,Student_1551,23,8.2,80.4,71.6,3,1,Yes,1
11552,Student_1552,20,1.3,91.1,75.2,3,0,Yes,0
11553,Student_1553,21,5.7,83.7,61.5,6,0,Yes,1
11554,Student_1554,22,5.8,67.7,71.5,5,0,Yes,1
11555,Student_1555,19,3.2,100,54.1,2,0,Yes,1
11556,Student_1556,19,5.6,80.3,87.3,10,0,Yes,1
11557,Student_1557,20,7.4,76.2,58.5,5,0,Yes,1
11558,Student_1558,20,0.4,89.6,84.9,6,0,No,0
11559,Student_1559,22,5.8,81,64.5,8,0,Yes,1
11560,Student_1560,22,0.2,82.8,71,3,0,Yes,1
11561,Student_1561,19,2.9,100,60.6,9,1,Yes,0
11562,Student_1562,19,8.1,74.7,52.8,3,0,Yes,1
11563,Student_1563,21,3.6,74.2,41.8,6,0,Yes,1
11564,Student_1564,19,2.5,79.4,52.2,3,0,Yes,1
11565,Student_1565,21,4.4,90.9,63.1,3,0,Yes,1
11566,Student_1566,20,8.9,59.9,71.2,5,0,Yes,1
11567,Student_1567,21,1.1,54.4,83.2,5,0,Yes,1
11568,Student_1568,18,2.7,71,61.3,9,2,Yes,1
11569,Student_1569,20,7.8,58.4,54.8,7,3,Yes,0
11570,Student_1570,20,8.5,72.9,46.4,9,1,Yes,0
11571,Student_1571,20,4.6,84,75.2,8,2,Yes,1
11572,Student_1572,19,2.3,67.3,88.7,5,1,Yes,1
11573,Student_1573,21,9,60.9,87,3,0,Yes,1
11574,Student_1574,22,8,78.8,78.6,10,4,Yes,0
11575,Student_1575,19,6.2,88.4,77.6,3,0,No,1
11576,Student_1576,18,3.2,57.7,93.5,2,1,Yes,1
11577,Student_1577,17,4.7,87.8,73,9,0,Yes,1
11578,Student_1578,20,4.5,87.8,77.7,10,0,Yes,1
11579,Student_1579,20,5.5,89.4,63.2,2,1,No,1
11580,Student_1580,20,7.7,92.6,47.6,8,0,Yes,1
11581,Student_1581,19,6.6,100,57.7,3,0,Yes,1
11582,Student_1582,19,2.6,73.7,67.9,7,0,No,0
11583,Student_1583,20,7.6,79.3,68.9,6,0,No,1
11584,Student_1584,20,5.4,73,96.9,2,3,Yes,0
11585,Student_1585,24,6.2,78,69.2,3,1,No,1
11586,Student_1586,18,7.7,96.4,85.7,3,0,Yes,1
11587,Student_1587,21,2.6,61.9,61.5,7,0,Yes,1
11588,Student_1588,20,4.7,67.7,63.3,2,1,Yes,1
11589,Student_1589,20,3.7,94.5,48.1,5,0,No,1
11590,Student_1590,21,1.7,90.2,56.9,6,0,Yes,0
11591,Student_1591,21,5.5,73.6,75.9,3,0,Yes,0
11592,Student_1592,24,9.8,88.3,68.1,3,2,No,1
11593,Student_1593,18,1.1,82.1,82.1,8,0,Yes,1
11594,Student_1594,18,4.7,96,70.7,8,0,Yes,1
11595,Student_1595,21,6.1,78.9,62.7,7,0,Yes,1
11596,Student_1596,20,5,90.3,100,2,0,Yes,1
11597,Student_1597,19,4.6,100,66.6,4,0,Yes,1
11598,Student_1598,18,2.2,85.2,85.4,10,0,No,1
11599,Student_1599,18,5.3,78.6,62,2,0,Yes,1
11600,Student_1600,22,3.3,86.7,78.6,3,0,Yes,1
11601,Student_1601,19,0.4,73.6,81.9,,0,Yes,0
11602,Student_1602,19,7.2,100,71.1,8,1,Yes,1
11603,Student_1603,19,6.7,80.2,32.7,10,2,Yes,1
11604,Student_1604,19,4.9,74.7,68.3,5,0,Yes,1
11605,Student_1605,18,5.3,68,86.5,5,0,Yes,1
11606,Student_1606,20,6.9,91.2,75.9,8,0,No,1
11607,Student_1607,18,5.2,88.4,74.7,2,0,Yes,1
11608,Student_1608,21,6.6,72,42.2,10,1,Yes,1
11609,Student_1609,19,4.2,84.9,57.2,3,0,No,1
11610,Student_1610,20,7.4,59.9,74.2,2,1,Yes,1
11611,Student_1611,22,5.4,80.2,74.2,8,1,Yes,1
11612,Student_1612,21,5.2,83.4,86.2,7,2,No,1
11613,Student_1613,20,2.3,98.5,65.8,4,0,Yes,1
11614,Student_1614,19,5.4,68.8,74.1,2,0,Yes,1
11615,Student_1615,19,3.1,62.7,68.2,6,0,Yes,0
11616,Student_1616,21,3.5,67.3,53.2,5,2,Yes,1
11617,Student_1617,24,3.2,62,34.2,6,1,Yes,0
11618,Student_1618,21,2.7,94,74.5,2,0,Yes,1
11619,Student_1619,20,9,96.6,70.6,2,0,Yes,1
11620,Student_1620,21,7.5,81.8,58.7,6,0,Yes,1
11621,Student_1621,20,8.6,92.7,43.7,7,0,Yes,0
11622,Student_1622,18,2.4,79.6,77.4,6,0,Yes,1
11623,Student_1623,20,4.9,76.9,64,3,0,Yes,1
11624,Student_1624,23,2.2,74,76.4,10,0,Yes,0
11625,Student_1625,19,3.4,74.3,96,6,1,Yes,1
11626,Student_1626,21,3,59.4,35.9,6,0,Yes,0
11627,Student_1627,19,7.3,81.2,57.5,10,0,Yes,0
11628,Student_1628,20,4,77.5,64.9,4,0,Yes,1
11629,Student_1629,18,6.9,86.9,89.8,6,1,Yes,1
11630,Student_1630,20,6,79.1,43.5,6,0,No,1
11631,Student_1631,21,9.4,76,97,3,2,Yes,1
11632,Student_1632,19,1.8,67.5,70,5,0,Yes,1
11633,Student_1633,21,7.3,78.9,66.6,3,3,Yes,1
11634,Student_1634,21,7.1,86.9,65,6,2,Yes,1
11635,Student_1635,22,2.9,64.3,61.5,3,0,Yes,1
11636,Student_1636,19,6.8,79,83.7,10,2,Yes,1
11637,Student_1637,19,5.5,80.8,52,7,0,Yes,1
11638,Student_1638,19,4.3,69.4,73.2,9,0,Yes,0
11639,Student_1639,24,3.2,70.9,62.2,10,0,Yes,0
11640,Student_1640,22,3.4,80.8,56.6,9,0,No,0
11641,Student_1641,20,8.9,64.4,100,6,1,Yes,1
11642,Student_1642,22,4.8,82.2,74.3,6,1,Yes,1
11643,Student_1643,20,6.4,67.3,77.2,7,0,No,1
11644,Student_1644,20,3.2,90.8,85.1,2,0,Yes,1
11645,Student_1645,18,3.2,100,46.7,9,0,Yes,1
11646,Student_1646,21,7,67.7,94.3,3,1,No,1
11647,Student_1647,18,2.1,84.4,30.4,7,0,Yes,1
11648,Student_1648,21,4,69.3,56.5,10,2,No,0
11649,Student_1649,21,4.9,90.5,61.1,4,0,Yes,0
11650,Student_1650,21,5,62.8,76.7,3,0,Yes,1
11651,Student_1651,18,4.4,83.8,71.3,6,2,Yes,1
11652,Student_1652,19,5.6,67.5,65.5,10,0,Yes,1
11653,Student_1653,19,6.2,75.5,67.8,7,0,Yes,1
11654,Student_1654,19,6.3,65.6,53.3,9,0,Yes,1
11655,Student_1655,18,2.8,87.9,45.5,9,0,Yes,1
11656,Student_1656,23,4.2,68,78.9,8,4,Yes,1
11657,Student_1657,20,7.2,84.6,78.4,6,0,Yes,1
11658,Student_1658,19,6.6,73.9,91.8,3,0,Yes,1
11659,Student_1659,19,2.1,76.6,56.1,6,0,Yes,1
11660,Student_1660,20,5.5,79.8,78.4,8,0,Yes,1
11661,Student_1661,20,0.8,68.9,63.7,8,1,No,0
11662,Student_1662,20,4.9,80.5,85.9,3,2,Yes,0
11663,Student_1663,22,8.6,96.4,83.3,8,2,Yes,1
11664,Student_1664,20,2.9,68.7,71.2,7,0,No,1
11665,Student_1665,24,3.1,92.1,62.9,8,0,Yes,1
11666,Student_1666,22,6.3,96,82.4,9,0,Yes,1
11667,Student_1667,19,1.7,68.2,77.7,5,1,Yes,1
11668,Student_1668,23,3.5,60.5,57.7,2,0,No,0
11669,Student_1669,18,6,81.6,48.1,9,0,Yes,1
11670,Student_1670,21,3.5,71.4,63.7,9,2,No,1
11671,Student_1671,19,4.3,100,90.7,4,0,No,1
11672,Student_1672,22,6.3,78.4,85.2,4,0,Yes,1
11673,Student_1673,22,5.6,68.4,51.3,6,0,Yes,0
11674,Student_1674,21,5.3,64.2,50.5,4,0,Yes,1
11675,Student_1675,21,4.1,91.1,87.1,6,0,Yes,1
11676,Student_1676,19,5.5,71.1,51,9,0,Yes,1
11677,Student_1677,18,4.6,78.5,75.6,2,0,No,1
11678,Student_1678,20,5.7,89.5,58.8,3,0,Yes,1
11679,Student_1679,19,3.8,72.2,92.3,3,1,Yes,0
11680,Student_1680,21,4.4,77.4,56.4,5,0,Yes,1
11681,Student_1681,19,2.8,77.8,85.2,10,1,Yes,0
11682,Student_1682,23,4.7,86.2,70.8,3,0,Yes,1
11683,Student_1683,20,3.2,85.1,71.8,10,0,Yes,1
11684,Student_1684,21,2.6,75.4,38.4,8,2,Yes,0
11685,Student_1685,18,5.3,78.8,35,9,0,Yes,0
11686,Student_1686,22,5.2,73.5,64.7,2,0,No,1
11687,Student_1687,22,6.4,60.3,71.7,6,2,Yes,1
11688,Student_1688,20,3.9,81.1,51.1,10,0,Yes,0
11689,Student_1689,20,5.6,100,51.7,5,0,Yes,1
11690,Student_1690,21,5.9,67.4,76.4,3,0,Yes,1
11691,Student_1691,19,5.7,68.7,76.4,7,1,Yes,1
11692,Student_1692,20,3.1,67.6,65.9,3,2,Yes,1
11693,Student_1693,19,5.1,86.7,79.7,4,0,No,1
11694,Student_1694,18,5.5,83.4,50.4,9,0,Yes,1
11695,Student_1695,19,4.8,76.1,62.7,4,0,Yes,1
11696,Student_1696,18,0.6,67,92.7,3,0,Yes,1
11697,Student_1697,17,5.1,79.1,69,7,0,No,1
11698,Student_1698,18,9.2,59.2,69.9,4,0,Yes,1
11699,Student_1699,23,4.1,79.7,100,2,0,Yes,1
11700,Student_1700,20,3.3,88.5,47,4,0,Yes,0
11701,Student_1701,23,5.5,63,79.9,7,2,,0
11702,Student_1702,20,5.4,59.6,93,4,0,No,1
11703,Student_1703,19,7.2,97,63.1,10,0,Yes,1
11704,Student_1704,20,2.3,70.7,80.9,8,0,Yes,1
11705,Student_1705,20,6.3,91.6,53.3,6,2,Yes,1
11706,Student_1706,18,6,76.2,57.7,3,1,No,0
11707,Student_1707,20,4.5,76.1,73.8,10,1,No,1
11708,Student_1708,19,5.5,83.3,80,6,0,No,1
11709,Student_1709,20,6.9,67.4,84.8,8,1,No,1
11710,Student_1710,21,6.5,79.6,91.5,10,0,No,1
11711,Student_1711,19,2.5,73.4,67,5,0,Yes,1
11712,Student_1712,18,6.4,62.2,85.9,10,0,No,1
11713,Student_1713,21,4.7,82,62.9,2,1,Yes,1
11714,Student_1714,20,4.9,74.8,81.5,7,1,No,1
11715,Student_1715,18,4.9,76.1,71.1,3,2,Yes,0
11716,Student_1716,24,4.5,63.5,74.7,9,2,Yes,1
11717,Student_1717,18,7.2,97.1,74.4,6,0,Yes,1
11718,Student_1718,21,4.6,88.5,43.9,4,0,Yes,1
11719,Student_1719,24,2.6,89.6,51.1,3,0,Yes,0
11720,Student_1720,19,4,74.3,69.5,9,2,Yes,0
11721,Student_1721,18,5.2,57.2,42.7,8,0,Yes,1
11722,Student_1722,18,7.3,100,80.5,10,2,Yes,1
11723,Student_1723,19,6,77.3,81.1,9,0,Yes,1
11724,Student_1724,18,3.1,69,72.9,5,0,Yes,1
11725,Student_1725,21,9.8,83,51.2,3,0,No,1
11726,Student_1726,18,5.3,92,88.7,3,0,Yes,1
11727,Student_1727,20,7.4,77.7,98.6,3,2,Yes,1
11728,Student_1728,24,4.5,93.3,70.2,7,0,Yes,1
11729,Student_1729,21,5.9,91,75.7,8,0,Yes,1
11730,Student_1730,20,6.5,65.1,71,7,0,Yes,1
11731,Student_1731,19,7.2,69.9,76,3,0,Yes,1
11732,Student_1732,20,6.9,89.5,66.2,5,0,Yes,1
11733,Student_1733,20,6.5,45.4,67.5,4,0,Yes,1
11734,Student_1734,20,4.2,76.2,81.6,5,2,Yes,1
11735,Student_1735,18,3.7,60.8,100,6,0,Yes,1
11736,Student_1736,22,5.5,72.3,47,8,0,Yes,1
11737,Student_1737,20,6.7,74.4,66.4,10,0,No,1
11738,Student_1738,19,4.4,73.7,50.3,3,0,Yes,1
11739,Student_1739,19,6.9,71.4,91.9,9,0,Yes,1
11740,Student_1740,20,7.7,64.8,59.2,4,0,Yes,1
11741,Student_1741,21,3,100,46.4,10,0,Yes,0
11742,Student_1742,21,3.1,100,77.6,5,1,Yes,1
11743,Student_1743,21,4.5,64.1,94.2,4,0,Yes,1
11744,Student_1744,17,5.4,97,78,7,1,Yes,1
11745,Student_1745,20,3.8,73.2,71.1,10,3,Yes,0
11746,Student_1746,20,7.5,79.6,74.1,8,0,Yes,0
11747,Student_1747,17,5.6,77.2,89.2,5,0,Yes,1
11748,Student_1748,19,4.9,70.1,54.9,4,0,Yes,1
11749,Student_1749,21,1.9,89.8,66.3,5,0,No,1
11750,Student_1750,18,2.2,79.5,61.2,4,1,Yes,0
11751,Student_1751,20,5.4,72.3,50.5,4,1,Yes,1
11752,Student_1752,19,0.5,62.3,63.1,10,0,Yes,0
11753,Student_1753,17,6.8,67.3,84.6,5,0,Yes,1
11754,Student_1754,19,4.5,58.3,76.5,10,0,Yes,1
11755,Student_1755,23,10,78.1,77.7,6,0,Yes,1
11756,Student_1756,21,9.4,63.6,70.2,8,1,Yes,1
11757,Student_1757,23,4.4,74.8,75.8,6,0,Yes,0
11758,Student_1758,20,4.6,94.4,56,2,0,Yes,1
11759,Student_1759,18,6.8,92.4,63.4,3,1,Yes,0
11760,Student_1760,20,8.2,77.6,70.9,6,0,Yes,1
11761,Student_1761,20,1.5,77,72.2,7,0,Yes,1
11762,Student_1762,22,1.2,100,72.8,8,0,Yes,1
11763,Student_1763,18,3.6,84.2,65.9,3,0,Yes,1
11764,Student_1764,20,6,74.1,62.3,10,1,Yes,1
11765,Student_1765,19,5.8,60.9,100,7,2,Yes,0
11766,Student_1766,19,6.9,82.7,81.6,3,0,No,1
11767,Student_1767,21,2.4,88,74.2,3,2,Yes,1
11768,Student_1768,20,0.2,70.4,64.5,4,0,Yes,0
11769,Student_1769,19,6.5,81.5,61.2,2,1,No,1
11770,Student_1770,19,3.1,73.6,66,10,2,Yes,1
11771,Student_1771,20,0.8,75.8,72.4,5,0,Yes,1
11772,Student_1772,21,5.1,48.1,39.8,6,1,Yes,0
11773,Student_1773,22,6.4,75.3,44.5,8,0,Yes,1
11774,Student_1774,23,4.6,89.6,58.4,2,0,Yes,1
11775,Student_1775,21,3.9,70.4,71.1,4,1,Yes,0
11776,Student_1776,19,4.5,78.6,64.4,4,2,No,0
11777,Student_1777,21,4.1,68.9,90.2,3,2,No,1
11778,Student_1778,20,2.1,82.3,45.8,9,1,Yes,0
11779,Student_1779,19,3.4,75.4,56.7,6,0,Yes,0
11780,Student_1780,22,5.8,66.7,90.8,2,0,Yes,1
11781,Student_1781,18,5.4,94,70,3,4,Yes,0
11782,Student_1782,22,5.1,89.1,81.3,2,0,Yes,1
11783,Student_1783,20,2.8,70.7,98.8,7,1,Yes,1
11784,Student_1784,20,4.4,84,57.6,10,0,Yes,1
11785,Student_1785,21,0.4,84.4,66.5,8,0,No,0
11786,Student_1786,22,5.2,85.7,63.9,6,0,Yes,1
11787,Student_1787,20,7.7,57.7,38.7,4,3,Yes,0
11788,Student_1788,20,1.9,90.1,63.3,9,0,Yes,1
11789,Student_1789,18,3.6,71.2,81.2,5,2,Yes,1
11790,Student_1790,20,5.5,73.7,76.1,10,0,No,1
11791,Student_1791,19,7.3,100,77.3,6,0,No,1
11792,Student_1792,21,3.9,81.6,62.4,7,1,Yes,1
11793,Student_1793,20,3.4,73.4,58.2,6,1,Yes,1
11794,Student_1794,21,0.9,51.5,87,8,2,Yes,1
11795,Student_1795,18,5,94.7,60.5,8,0,Yes,1
11796,Student_1796,18,8.9,61.9,72.4,2,0,Yes,1
11797,Student_1797,21,5.4,66,70.5,3,0,Yes,1
11798,Student_1798,18,4.8,74,89.9,8,0,Yes,1
11799,Student_1799,18,5.4,95,82.6,9,3,Yes,1
11800,Student_1800,17,4.8,87.3,48.6,5,0,Yes,1
11801,Student_1801,23,3.2,76.1,50.2,7,0,Yes,0
11802,Student_1802,21,6.4,81.7,76.7,4,0,Yes,1
11803,Student_1803,19,5.3,70.8,67,8,0,Yes,1
11804,Student_1804,19,4.8,79.7,61.2,4,0,Yes,1
11805,Student_1805,19,2.8,78.9,83.2,8,0,Yes,1
11806,Student_1806,21,7.4,89.6,70.8,9,0,Yes,1
11807,Student_1807,21,6.1,89.6,68.8,4,0,No,1
11808,Student_1808,19,3.7,83.9,79.7,3,4,No,1
11809,Student_1809,19,6.8,73.7,62.4,7,0,No,1
11810,Student_1810,18,3.8,86.9,91.5,5,0,Yes,1
11811,Student_1811,21,3.2,76.9,56.2,9,4,Yes,0
11812,Student_1812,21,3.3,65,77.9,3,1,Yes,1
11813,Student_1813,19,1.3,73.2,89.5,5,4,Yes,1
11814,Student_1814,17,5.7,79,47.3,3,3,Yes,0
11815,Student_1815,18,1.1,88.9,62.8,3,0,Yes,1
11816,Student_1816,23,2.3,75.8,85.1,3,1,Yes,1
11817,Student_1817,19,0.6,63.5,85.4,2,0,Yes,1
11818,Student_1818,21,4.6,78.7,65.4,5,0,No,1
11819,Student_1819,20,4.5,79.4,57,3,1,Yes,0
11820,Student_1820,19,4.1,80.2,82.3,10,0,No,1
11821,Student_1821,19,2.7,89,85.8,10,1,Yes,1
11822,Student_1822,18,2.5,90.2,50.5,8,1,Yes,1
11823,Student_1823,20,5.7,70.9,49.9,7,0,Yes,1
11824,Student_1824,21,3.7,70.6,71.4,4,2,Yes,0
11825,Student_1825,20,5.4,65.5,77.4,8,0,Yes,1
11826,Student_1826,20,3,86.4,63.5,2,0,Yes,0
11827,Student_1827,18,5.2,95.4,78.2,10,2,Yes,1
11828,Student_1828,23,7.4,74.2,57.3,5,0,Yes,1
11829,Student_1829,21,6,75.1,36.3,7,1,Yes,1
11830,Student_1830,19,4,95.6,61.6,7,0,Yes,1
11831,Student_1831,23,5.3,84.1,68.9,4,0,Yes,1
11832,Student_1832,20,4.3,83.2,63.9,5,1,No,1
11833,Student_1833,20,4.8,63.7,50.6,4,0,Yes,0
11834,Student_1834,21,4.1,86.1,40.8,7,0,Yes,1
11835,Student_1835,21,4.5,66.9,60.3,2,0,Yes,1
11836,Student_1836,21,5.2,64.4,81.5,9,2,No,1
11837,Student_1837,18,2.8,73.8,86.8,9,0,Yes,0
11838,Student_1838,19,2.8,71,85.8,10,2,Yes,0
11839,Student_1839,22,2,75.3,55.8,7,0,Yes,0
11840,Student_1840,19,1.6,60.7,50.7,2,1,Yes,0
11841,Student_1841,19,2.4,89.5,75.4,4,2,Yes,1
11842,Student_1842,20,5.1,91.5,77.5,2,0,Yes,1
11843,Student_1843,20,3,54.6,74,6,0,No,0
11844,Student_1844,20,5.8,89.7,37.8,4,1,Yes,1
11845,Student_1845,23,4.9,68.3,55,3,1,No,1
11846,Student_1846,19,0.9,88.3,67.6,4,0,No,1
11847,Student_1847,18,6.1,77.2,75.3,10,1,Yes,1
11848,Student_1848,19,6.4,78.3,79.5,9,1,Yes,1
11849,Student_1849,22,2.8,75.8,70.2,4,2,Yes,1
11850,Student_1850,20,5.6,92.5,73,3,1,No,1
11851,Student_1851,19,3.1,63.1,69.3,6,0,Yes,0
11852,Student_1852,21,5,85.3,78.3,2,4,Yes,1
11853,Student_1853,22,2.3,91.2,72.7,5,0,Yes,0
11854,Student_1854,22,1.2,86.6,69,9,0,No,1
11855,Student_1855,22,4,100,64,2,0,Yes,1
11856,Student_1856,19,4.6,71.7,69.2,6,0,Yes,1
11857,Student_1857,21,4,89.5,75.3,5,0,Yes,1
11858,Student_1858,20,2.4,76.7,72,7,0,Yes,1
11859,Student_1859,22,4,92.8,73.7,8,0,Yes,1
11860,Student_1860,21,5.3,77.9,88.1,10,1,No,1
11861,Student_1861,21,4.7,73.3,72,2,0,Yes,1
11862,Student_1862,21,5.2,93.7,58.3,5,0,Yes,1
11863,Student_1863,19,3.5,72.1,81.3,7,0,Yes,1
11864,Student_1864,20,7.1,61,47.5,8,0,Yes,1
11865,Student_1865,24,2.4,71.8,51.8,8,0,Yes,1
11866,Student_1866,23,5.8,85.4,73,9,0,Yes,1
11867,Student_1867,18,7.2,94.7,75.7,9,3,Yes,1
11868,Student_1868,19,5.8,79.3,49.3,9,2,Yes,1
11869,Student_1869,18,4.4,93.8,62.3,9,2,Yes,1
11870,Student_1870,21,3.7,61.7,58.9,9,0,Yes,1
11871,Student_1871,21,6.9,72.7,60.7,7,0,Yes,1
11872,Student_1872,19,2,74.5,82.2,10,0,Yes,1
11873,Student_1873,20,2.9,76.6,78.6,4,1,Yes,1
11874,Student_1874,22,4,79,67.7,7,0,Yes,1
11875,Student_1875,21,7.3,86.3,59.8,6,0,Yes,1
11876,Student_1876,20,5.6,72.7,47.8,9,0,Yes,1
11877,Student_1877,20,2.9,79.7,89.3,5,0,Yes,1
11878,Student_1878,20,4.2,77.5,76.9,5,4,No,0
11879,Student_1879,19,3.6,66.9,57.4,6,1,Yes,1
11880,Student_1880,20,3.4,76.6,78.8,7,1,Yes,1
11881,Student_1881,21,6.8,76.3,66.9,5,0,Yes,0
11882,Student_1882,22,2.1,76,63.7,3,2,Yes,0
11883,Student_1883,20,8,78.4,74.5,3,1,Yes,1
11884,Student_1884,21,6.5,78.9,56.9,4,3,Yes,1
11885,Student_1885,19,7,72.8,62.8,3,0,Yes,1
11886,Student_1886,20,3.9,93.3,69.8,2,0,Yes,1
11887,Student_1887,17,4.5,64,60.5,9,1,Yes,1
11888,Student_1888,19,1.9,69.3,78,6,0,Yes,1
11889,Student_1889,21,3.8,100,96,2,2,Yes,0
11890,Student_1890,24,5.8,65.5,56.7,10,3,No,1
11891,Student_1891,18,7.4,61.8,43,9,0,Yes,1
11892,Student_1892,20,2.6,86.8,38,5,0,Yes,1
11893,Student_1893,21,4.1,53.1,65.7,9,0,Yes,1
11894,Student_1894,19,4.5,75.2,58.1,8,2,Yes,1
11895,Student_1895,20,2,100,71.1,8,1,Yes,1
11896,Student_1896,21,6,59.5,70,2,0,Yes,1
11897,Student_1897,20,3.4,54.2,44,7,0,Yes,1
11898,Student_1898,19,4.4,60,40.8,5,0,Yes,1
11899,Student_1899,19,3.9,88.8,72.4,3,1,Yes,1
11900,Student_1900,21,3.2,91.5,70,8,0,Yes,1
11901,Student_1901,20,4.8,71.8,,10,0,No,1
11902,Student_1902,17,4.4,86.2,43.1,6,1,Yes,1
11903,Student_1903,21,4.1,94.7,75.1,9,0,No,1
11904,Student_1904,18,3.3,99.4,87.1,6,0,Yes,1
11905,Student_1905,21,5.4,75,72.2,8,0,No,0
11906,Student_1906,19,8.1,50.4,55.3,8,0,Yes,1
11907,Student_1907,23,5.1,68.1,68.7,10,0,Yes,1
11908,Student_1908,19,6.8,72.9,47.5,4,4,Yes,1
11909,Student_1909,19,2,74.9,83.9,2,1,Yes,1
11910,Student_1910,18,5.1,75.7,69.2,3,2,Yes,1
11911,Student_1911,19,2.6,91.4,41.5,7,2,Yes,1
11912,Student_1912,22,1.8,93.3,63.5,10,0,No,0
11913,Student_1913,24,3.3,75.9,74.9,4,0,Yes,1
11914,Student_1914,19,7.2,91.2,63,3,0,Yes,1
11915,Student_1915,20,6.7,82.3,63.9,2,1,Yes,1
11916,Student_1916,21,5.3,78.8,49.6,3,1,Yes,1
11917,Student_1917,22,1.7,88.9,76.5,4,0,Yes,1
11918,Student_1918,20,4.4,78.9,58.3,8,0,Yes,1
11919,Student_1919,19,5.4,100,35.7,3,0,No,0
11920,Student_1920,20,5.2,60.7,62.4,6,0,Yes,0
11921,Student_1921,21,1.1,71.8,82.7,3,2,Yes,1
11922,Student_1922,17,3,76.5,62.2,8,0,Yes,1
11923,Student_1923,20,4.7,83.3,94.1,9,2,No,1
11924,Student_1924,19,5.9,93.2,74.4,9,0,Yes,1
11925,Student_1925,21,0.4,77.7,73.1,9,1,No,0
11926,Student_1926,18,4.5,60.9,66.1,10,2,Yes,1
11927,Student_1927,20,5.1,88.1,67,2,2,Yes,1
11928,Student_1928,20,6.5,87.1,64,2,0,Yes,1
11929,Student_1929,20,6.2,54.7,63.5,3,0,Yes,1
11930,Student_1930,18,6,78,76,7,0,Yes,1
11931,Student_1931,20,3.2,58.9,54,2,0,Yes,0
11932,Student_1932,20,1,70,51.9,6,1,Yes,0
11933,Student_1933,20,4,67.2,51.2,6,3,No,1
11934,Student_1934,20,6.8,87.7,98.7,5,0,No,1
11935,Student_1935,21,7.6,79.4,76,6,0,No,1
11936,Student_1936,21,6.2,62.6,72.6,2,0,Yes,1
11937,Student_1937,19,5.7,88.6,52.1,7,2,Yes,1
11938,Student_1938,21,5.6,60.8,77.4,8,3,Yes,1
11939,Student_1939,20,3.7,82,66.3,9,0,No,1
11940,Student_1940,18,4.5,68.2,71.2,3,0,Yes,1
11941,Student_1941,18,8.1,73.6,53.4,8,1,Yes,1
11942,Student_1942,19,2.9,84.1,70.4,7,1,Yes,1
11943,Student_1943,21,8,84.3,61.6,10,0,Yes,0
11944,Student_1944,21,4.2,94,56.5,9,2,Yes,1
11945,Student_1945,21,7.5,77,79,5,3,Yes,1
11946,Student_1946,20,2,81.7,44.9,10,0,Yes,0
11947,Student_1947,20,6,72.7,76.5,2,0,No,1
11948,Student_1948,18,3.3,80.2,78.3,7,0,Yes,1
11949,Student_1949,19,2,83.3,54.8,9,0,Yes,1
11950,Student_1950,20,5.2,76.8,55.7,5,0,Yes,1
11951,Student_1951,18,6.8,56.4,64.7,3,0,No,1
11952,Student_1952,19,3.1,82,72.2,3,0,Yes,1
11953,Student_1953,20,1.8,82.4,65.7,2,0,Yes,0
11954,Student_1954,21,4.6,69.8,74.5,6,0,No,1
11955,Student_1955,24,4.6,62.6,94.4,7,0,Yes,1
11956,Student_1956,23,5.9,95.7,60.4,5,0,No,1
11957,Student_1957,20,6.7,83.9,42.3,5,0,Yes,1
11958,Student_1958,20,4.7,75.3,80.4,6,0,Yes,1
11959,Student_1959,20,8.5,64.4,93.2,6,0,Yes,1
11960,Student_1960,21,5.2,68.1,73.9,10,1,Yes,1
11961,Student_1961,18,4.1,93.6,51.7,9,0,Yes,1
11962,Student_1962,20,1.6,79.7,66.1,10,4,No,1
11963,Student_1963,22,4.3,71.4,51.2,4,0,No,0
11964,Student_1964,19,4.1,84.1,77.6,4,1,No,1
11965,Student_1965,20,6.7,68.2,47.7,2,0,Yes,0
11966,Student_1966,20,5.7,96,63.5,7,1,No,1
11967,Student_1967,19,2.4,94.2,52.9,5,2,Yes,1
11968,Student_1968,19,5.1,72.4,69.9,9,3,No,1
11969,Student_1969,19,6.1,70.5,62.5,3,4,Yes,0
11970,Student_1970,17,7.9,46.6,70.7,3,0,Yes,1
11971,Student_1971,17,6.6,60.2,68.3,8,0,No,1
11972,Student_1972,22,6.3,61.9,53.2,6,0,No,1
11973,Student_1973,19,4.9,79.6,77.4,2,0,Yes,1
11974,Student_1974,20,5.6,74.1,67.3,8,0,Yes,1
11975,Student_1975,19,7.3,61.9,53.2,8,2,Yes,1
11976,Student_1976,23,2.1,74.6,100,7,2,Yes,0
11977,Student_1977,19,4.1,84.1,75.1,5,0,Yes,1
11978,Student_1978,20,3.3,84.3,65.7,9,0,Yes,1
11979,Student_1979,22,5.6,55.2,89.2,3,0,Yes,1
11980,Student_1980,22,7.3,76.5,95.6,3,1,Yes,1
11981,Student_1981,19,3.6,61.4,65.8,3,0,Yes,1
11982,Student_1982,21,0.2,88.8,73.2,4,2,Yes,1
11983,Student_1983,20,4,87.4,53.2,7,1,Yes,1
11984,Student_1984,20,6.6,67.2,65.8,2,1,Yes,0
11985,Student_1985,18,5.9,68.8,65,3,0,Yes,1
11986,Student_1986,18,5.7,72.5,70.8,3,0,Yes,1
11987,Student_1987,21,4.2,51,73,2,2,Yes,1
11988,Student_1988,20,2.2,82,76.4,4,1,Yes,1
11989,Student_1989,20,5.8,74.7,71.6,8,4,Yes,0
11990,Student_1990,21,3.1,89.6,49.8,2,0,Yes,1
11991,Student_1991,21,9.2,64.8,53.9,8,1,No,1
11992,Student_1992,19,5.9,70.6,59.8,6,0,Yes,1
11993,Student_1993,20,3.6,59.9,63.8,10,1,Yes,1
11994,Student_1994,18,3.6,65.9,83.8,3,1,Yes,1
11995,Student_1995,21,4.6,63.8,50.6,2,1,Yes,1
11996,Student_1996,21,4.3,90,62.6,10,1,No,1
11997,Student_1997,23,7,69.6,82.3,9,0,Yes,1
11998,Student_1998,18,5.2,79.5,63.5,7,3,Yes,1
11999,Student_1999,18,3.3,73.4,74.9,6,4,Yes,1
12000,Student_2000,19,8.6,62.8,65.9,9,0,Yes,1
12001,Student_2001,19,4.9,76,71.9,9,2,Yes,1
12002,Student_2002,19,6.3,85.2,64.6,6,0,Yes,1
12003,Student_2003,22,3.6,63.5,78,8,1,No,1
12004,Student_2004,19,5.5,87.7,44.8,2,0,Yes,1
12005,Student_2005,19,5.4,67.8,62.6,5,3,No,1
12006,Student_2006,21,1,72.2,72.4,3,0,Yes,1
12007,Student_2007,20,8.8,84.4,76,4,0,No,1
12008,Student_2008,21,7.4,70,90.4,2,0,Yes,1
12009,Student_2009,18,4,78.5,62.1,3,0,Yes,1
12010,Student_2010,20,2.6,74.2,90.2,2,1,Yes,1
12011,Student_2011,18,5.5,79.6,58.1,9,0,Yes,1
12012,Student_2012,18,5,49.4,87.9,5,1,Yes,0
12013,Student_2013,22,5.5,56,80.3,4,4,Yes,0
12014,Student_2014,18,5.2,85.4,54.3,2,1,No,0
12015,Student_2015,20,5.8,90.4,72.6,3,2,No,1
12016,Student_2016,20,7.7,67.1,67.2,4,0,Yes,1
12017,Student_2017,19,5.9,75.1,77.4,4,0,No,1
12018,Student_2018,22,2.7,81.5,64.7,7,0,Yes,1
12019,Student_2019,17,7.5,86.3,63.4,9,0,Yes,1
12020,Student_2020,21,8.1,53.7,88.5,7,3,Yes,0
12021,Student_2021,23,10,67.4,66.5,3,0,Yes,1
12022,Student_2022,20,2.6,74,80.4,3,2,Yes,1
12023,Student_2023,23,5.3,86.4,64.6,8,0,Yes,1
12024,Student_2024,18,0.6,100,93,2,1,Yes,1
12025,Student_2025,20,5.9,75.3,57.8,2,0,No,1
12026,Student_2026,19,3.7,61.1,58.8,8,0,No,1
12027,Student_2027,21,8.6,82.8,90.9,10,1,Yes,1
12028,Student_2028,24,3.3,93.9,61.3,6,0,No,0
12029,Student_2029,19,1.4,79.3,92,2,1,Yes,1
12030,Student_2030,21,3.9,67.1,81.4,6,0,No,1
12031,Student_2031,19,0.8,89.5,65.7,2,0,Yes,0
12032,Student_2032,20,6.3,86,40.8,10,2,Yes,1
12033,Student_2033,20,0.7,65.7,67.7,5,0,No,1
12034,Student_2034,23,4.9,82.6,69.5,10,1,Yes,1
12035,Student_2035,20,0.6,90,85.5,3,0,Yes,0
12036,Student_2036,19,4.2,92.2,91.8,8,0,Yes,1
12037,Student_2037,18,8.1,77.2,57.7,3,0,Yes,1
12038,Student_2038,19,5.5,73.7,80,5,0,No,1
12039,Student_2039,19,3.1,92.7,79.5,7,0,Yes,1
12040,Student_2040,19,4.7,63.5,84.1,3,0,No,0
12041,Student_2041,22,4.8,83.3,75.5,3,0,Yes,0
12042,Student_2042,20,5.7,61.6,38.9,3,1,Yes,1
12043,Student_2043,20,2.1,90.8,65.7,4,1,Yes,1
12044,Student_2044,18,6,74.9,50.7,6,0,Yes,1
12045,Student_2045,22,0.2,93.2,65,10,0,Yes,0
12046,Student_2046,21,3.5,83.9,82.7,7,0,Yes,1
12047,Student_2047,18,3.8,63.3,72.6,10,0,Yes,1
12048,Student_2048,21,6.1,95.1,85.2,6,0,Yes,1
12049,Student_2049,20,4.8,96.6,73.1,7,0,Yes,1
12050,Student_2050,18,2,88.6,48.5,9,4,Yes,1
12051,Student_2051,20,2.8,68.9,30.2,4,1,Yes,0
12052,Student_2052,20,5.2,74.3,70.2,3,0,Yes,1
12053,Student_2053,19,4.6,79.7,64.8,4,0,Yes,1
12054,Student_2054,23,3.6,69.6,53.3,10,1,Yes,0
12055,Student_2055,22,3.8,98.3,42.5,7,0,Yes,1
12056,Student_2056,21,6.2,79.7,57,5,1,Yes,1
12057,Student_2057,20,3.8,45.6,65.1,4,2,Yes,0
12058,Student_2058,20,4.6,82.1,78,3,0,Yes,1
12059,Student_2059,21,9.1,73.8,70.8,5,0,No,1
12060,Student_2060,20,2,77.1,92.1,10,1,Yes,1
12061,Student_2061,18,1.1,73.6,52.5,5,3,Yes,1
12062,Student_2062,20,6.4,87.7,81.2,6,0,Yes,1
12063,Student_2063,21,3.4,91.4,68.7,9,1,Yes,0
12064,Student_2064,20,4.2,81.4,78.4,3,0,No,1
12065,Student_2065,18,3.2,73.9,61.5,4,0,Yes,1
12066,Student_2066,21,4.3,77.5,84.1,7,1,Yes,1
12067,Student_2067,19,8,78.2,72.4,8,2,Yes,1
12068,Student_2068,19,6.4,68.4,57.8,5,1,Yes,1
12069,Student_2069,19,6.5,84.9,67.8,2,1,Yes,1
12070,Student_2070,19,2,83.5,64.4,8,0,Yes,1
12071,Student_2071,21,2.5,96.5,75.3,10,0,Yes,1
12072,Student_2072,20,0.2,93.1,50.3,2,0,Yes,0
12073,Student_2073,19,3.2,69.8,67.6,2,0,Yes,1
12074,Student_2074,22,6.7,87.8,73.9,2,1,No,1
12075,Student_2075,22,5.8,66.6,68.5,8,0,Yes,1
12076,Student_2076,22,4.4,86.4,88.2,10,1,Yes,1
12077,Student_2077,19,4.8,71.8,79.6,4,1,Yes,1
12078,Student_2078,20,3.4,65.7,67.9,9,0,Yes,0
12079,Student_2079,24,5.2,81.4,71.3,10,0,No,1
12080,Student_2080,21,6.3,45.9,72.4,4,1,Yes,0
12081,Student_2081,17,1.6,57,74,4,4,Yes,0
12082,Student_2082,18,5.4,75.9,40.6,2,1,No,1
12083,Student_2083,20,6.7,79,63.5,3,0,No,1
12084,Student_2084,22,4,73.6,45.7,8,0,Yes,1
12085,Student_2085,20,6.2,59,87.2,4,0,Yes,0
12086,Student_2086,20,10,68.2,67.1,8,0,Yes,1
12087,Student_2087,18,4.6,82.7,65.1,6,1,Yes,1
12088,Student_2088,21,5.6,85,81.5,9,2,No,1
12089,Student_2089,21,3.3,77.8,74.3,6,0,Yes,1
12090,Student_2090,19,5.2,91.9,51.1,4,0,Yes,1
12091,Student_2091,21,5.7,82.8,66.9,10,0,Yes,1
12092,Student_2092,23,5.2,69,63,8,2,No,1
12093,Student_2093,19,2.8,74.6,41.8,6,0,No,1
12094,Student_2094,20,5.2,61.2,57.6,8,1,No,1
12095,Student_2095,19,7.7,76.7,65.2,10,0,Yes,1
12096,Student_2096,21,5.7,91.3,66.3,6,1,No,1
12097,Student_2097,20,6.7,86.2,45.8,8,0,Yes,1
12098,Student_2098,20,4.3,94.8,85.3,10,0,Yes,1
12099,Student_2099,21,6.3,74.4,66.5,2,1,Yes,1
12100,Student_2100,19,5.4,94.2,68.6,5,0,Yes,1
12101,Student_2101,22,2.9,75.7,74,2,0,No,1
12102,Student_2102,20,5.4,95.7,56.2,9,0,Yes,1
12103,Student_2103,19,2.8,77.7,74.8,4,0,Yes,0
12104,Student_2104,21,3.5,86.5,62.5,3,0,Yes,0
12105,Student_2105,21,5.2,95.7,54.6,5,1,Yes,1
12106,Student_2106,19,5.4,75.7,76.6,4,2,No,0
12107,Student_2107,22,2.4,80.6,90.4,6,0,Yes,0
12108,Student_2108,22,6.9,93.5,78.9,9,0,Yes,1
12109,Student_2109,19,5.9,76.4,81.8,9,0,Yes,1
12110,Student_2110,24,3.4,62.1,60.2,8,0,Yes,1
12111,Student_2111,18,1.7,100,44,9,0,Yes,1
12112,Student_2112,19,4.5,72.4,90.4,6,1,Yes,1
12113,Student_2113,19,3.9,79.9,98.8,7,0,Yes,1
12114,Student_2114,22,5,91.9,91.1,9,0,Yes,1
12115,Student_2115,21,4.1,70.7,63,2,2,No,1
12116,Student_2116,19,0.8,65.9,50.7,7,2,Yes,0
12117,Student_2117,20,4,81,52,7,3,Yes,1
12118,Student_2118,20,4.2,56.5,42.7,6,1,No,0
12119,Student_2119,18,6.1,74.5,66.4,5,2,Yes,1
12120,Student_2120,22,3.4,80.9,92.1,2,0,Yes,1
12121,Student_2121,21,8.2,74.8,65.9,9,0,Yes,1
12122,Student_2122,20,1,59.5,72.5,7,0,No,0
12123,Student_2123,23,7.4,97.1,88.6,4,1,No,1
12124,Student_2124,20,4.4,79.2,61.9,4,2,Yes,0
12125,Student_2125,24,6.5,95.2,98.5,7,0,No,1
12126,Student_2126,21,5,74.9,97.9,8,1,Yes,1
12127,Student_2127,20,7.1,67.4,66,9,1,Yes,1
12128,Student_2128,19,4,81.2,59.3,6,2,No,0
12129,Student_2129,22,2.6,75.4,78.5,7,1,Yes,1
12130,Student_2130,20,7.6,63.9,62.8,2,3,No,0
12131,Student_2131,19,4.6,95.6,50.7,7,0,Yes,1
12132,Student_2132,17,5.2,70.5,87.2,10,0,Yes,1
12133,Student_2133,20,7.3,55.9,86.2,5,0,No,1
12134,Student_2134,20,2.7,93.9,70.3,2,0,Yes,1
12135,Student_2135,21,6,71.9,49.1,10,0,No,1
12136,Student_2136,22,3.6,70.7,49.6,5,1,No,0
12137,Student_2137,18,4.5,56.8,69.6,3,1,No,1
12138,Student_2138,21,4.9,98.9,60.5,2,1,Yes,1
12139,Student_2139,19,1.8,62.5,62.9,4,0,Yes,1
12140,Student_2140,22,3.2,78.7,83.3,8,0,No,1
12141,Student_2141,21,7.5,89,79,3,0,Yes,1
12142,Student_2142,20,6.6,83.1,88.7,10,0,Yes,0
12143,Student_2143,21,4.7,77.3,53.1,3,0,No,0
12144,Student_2144,19,5.3,57.6,62.9,6,0,Yes,1
12145,Student_2145,20,4.2,68.3,79.4,9,0,No,1
12146,Student_2146,21,7.5,80.3,74.7,9,1,Yes,1
12147,Student_2147,20,4.4,68.6,91,4,0,Yes,0
12148,Student_2148,19,5.3,80.4,74.3,3,3,Yes,1
12149,Student_2149,20,7.1,86.2,95.7,10,0,Yes,1
12150,Student_2150,21,3.2,89.6,76.1,4,4,Yes,1
12151,Student_2151,19,7.9,63.3,83.9,9,0,Yes,1
12152,Student_2152,19,1.7,100,63.1,3,0,No,1
12153,Student_2153,21,8.1,87.2,68.2,4,0,Yes,1
12154,Student_2154,21,4.1,78,81.7,2,2,Yes,0
12155,Student_2155,18,4.3,91.1,92.2,7,0,Yes,1
12156,Student_2156,19,1,100,78.9,8,0,Yes,1
12157,Student_2157,18,3.9,60.7,66.8,5,2,Yes,1
12158,Student_2158,19,2.7,75.3,88.7,2,0,Yes,1
12159,Student_2159,20,3.6,49.5,35.1,4,0,Yes,0
12160,Student_2160,21,4.5,80.3,46.7,10,0,Yes,1
12161,Student_2161,21,6.7,82.4,78.2,6,1,Yes,1
12162,Student_2162,20,5.2,77.5,68.2,7,0,Yes,1
12163,Student_2163,19,5.4,70.1,77.1,5,0,Yes,1
12164,Student_2164,22,2.6,53.4,69,2,0,Yes,1
12165,Student_2165,20,3,82.5,76.6,6,0,Yes,1
12166,Student_2166,23,8.4,95.5,55.8,6,1,Yes,1
12167,Student_2167,20,3.3,70.9,76.6,6,0,Yes,1
12168,Student_2168,18,8.1,83.3,82.9,7,0,Yes,1
12169,Student_2169,21,4.3,59.2,86.3,3,0,No,1
12170,Student_2170,19,4.8,83.5,98.2,2,0,No,1
12171,Student_2171,21,6.9,73.3,71.7,3,0,Yes,1
12172,Student_2172,18,7.3,68.9,72.1,7,0,No,1
12173,Student_2173,19,4.6,68.9,45.2,6,0,Yes,1
12174,Student_2174,22,4,73.3,60,6,3,Yes,0
12175,Student_2175,19,4.7,82.6,65.1,7,0,Yes,1
12176,Student_2176,22,5.5,62.3,83.8,8,0,Yes,1
12177,Student_2177,19,6.6,73.2,58.8,10,0,Yes,1
12178,Student_2178,20,4.8,77.5,79.9,8,0,Yes,1
12179,Student_2179,21,6,64.8,68,3,2,No,1
12180,Student_2180,20,8.1,99.6,65.3,7,0,Yes,1
12181,Student_2181,19,5.6,67.8,71.7,10,0,Yes,1
12182,Student_2182,19,5.4,70,62.1,8,1,Yes,1
12183,Student_2183,18,1.8,66.3,61.6,3,0,No,0
12184,Student_2184,19,0.2,99.6,42.4,4,0,Yes,1
12185,Student_2185,21,5.6,84.6,64.3,9,0,Yes,1
12186,Student_2186,23,4.6,66.8,60.8,10,0,Yes,1
12187,Student_2187,22,3.8,91.3,60.3,5,0,Yes,1
12188,Student_2188,21,5.3,80.4,74.3,10,0,Yes,1
12189,Student_2189,21,4.7,81.1,77.9,3,0,Yes,1
12190,Student_2190,21,7.1,73.9,71.5,6,0,Yes,1
12191,Student_2191,19,5,69,82.9,3,0,Yes,1
12192,Student_2192,22,3.3,82.1,76.6,2,3,Yes,1
12193,Student_2193,21,6.8,71.5,63.6,6,0,Yes,1
12194,Student_2194,20,4.4,99.8,61.1,3,3,Yes,0
12195,Student_2195,18,5.9,62.8,72.7,8,0,Yes,1
12196,Student_2196,20,3.8,96.4,76.6,9,1,Yes,1
12197,Student_2197,20,3.5,76.7,89,3,0,No,1
12198,Student_2198,22,5,81.6,85.9,8,0,Yes,1
12199,Student_2199,20,4.8,88,59.9,5,2,Yes,1
12200,Student_2200,19,5.8,70.4,66.5,2,2,Yes,0
12201,Student_2201,23,4.3,88.4,78.1,4,0,No,1
12202,Student_2202,18,1.1,45.5,84,2,0,Yes,0
12203,Student_2203,20,3.9,69.4,82.1,6,0,Yes,0
12204,Student_2204,18,6.4,66.9,67,9,2,Yes,1
12205,Student_2205,21,4.2,63,49.2,2,0,Yes,0
12206,Student_2206,22,4.3,75.4,53,10,1,Yes,1
12207,Student_2207,19,6.8,82.6,72.1,4,1,No,1
12208,Student_2208,22,3.4,86.4,73.1,6,1,Yes,1
12209,Student_2209,19,1.7,80.9,51.5,10,0,Yes,1
12210,Student_2210,22,4.5,70,68.7,6,0,Yes,1
12211,Student_2211,21,3.8,82.4,77.5,10,3,Yes,1
12212,Student_2212,21,2.9,79.5,50.7,9,0,Yes,0
12213,Student_2213,17,4.4,89.2,84.6,8,1,Yes,1
12214,Student_2214,23,5.8,87.3,62.3,2,0,No,1
12215,Student_2215,21,4.8,78.4,86.9,5,1,Yes,1
12216,Student_2216,19,5.4,67.2,60,10,0,Yes,1
12217,Student_2217,21,8.4,70.2,52.6,9,0,Yes,1
12218,Student_2218,19,4.1,71.4,61.1,5,1,Yes,1
12219,Student_2219,22,5.4,74.2,66.6,2,0,Yes,1
12220,Student_2220,18,3.8,81.2,62.2,5,1,Yes,0
12221,Student_2221,21,3.1,86.6,64.8,4,0,Yes,1
12222,Student_2222,20,3.6,77.4,73,7,0,Yes,1
12223,Student_2223,18,3.8,78.2,65.4,6,0,Yes,1
12224,Student_2224,19,5.5,79.7,67,6,0,Yes,1
12225,Student_2225,17,9.5,71.8,42.4,3,0,Yes,1
12226,Student_2226,20,3.4,66.9,73.9,4,1,No,0
12227,Student_2227,19,4,56.9,66.7,7,1,Yes,1
12228,Student_2228,20,4.7,69.7,92.2,3,0,Yes,1
12229,Student_2229,19,5.6,83.7,53.9,5,0,Yes,1
12230,Student_2230,19,5.3,69.6,40.9,3,1,Yes,1
12231,Student_2231,21,7.4,75.1,77.3,10,1,Yes,1
12232,Student_2232,18,0.2,83.6,73.2,4,1,No,0
12233,Student_2233,22,0.2,84.2,52.9,7,1,Yes,1
12234,Student_2234,22,3.8,65,45.1,2,0,Yes,1
12235,Student_2235,21,7,90,91.1,4,0,Yes,1
12236,Student_2236,20,1.7,91.5,89.2,9,0,Yes,1
12237,Student_2237,22,0.2,64.4,30.7,6,0,Yes,0
12238,Student_2238,19,5.9,68.1,61.1,9,1,No,1
12239,Student_2239,18,5.3,92.3,93,3,0,Yes,1
12240,Student_2240,19,2.6,76.2,60.9,8,2,No,1
12241,Student_2241,21,2.8,51.4,60.6,10,1,Yes,0
12242,Student_2242,18,2.9,61.2,63.8,8,2,Yes,1
12243,Student_2243,20,5,75,51.2,4,2,Yes,0
12244,Student_2244,24,3.5,64,42.4,8,0,Yes,1
12245,Student_2245,22,5.8,73,83.8,9,2,No,0
12246,Student_2246,20,0.2,78.4,40.4,2,0,Yes,0
12247,Student_2247,18,3.1,95.5,71.7,4,0,No,1
12248,Student_2248,22,2.5,74.5,81.3,6,1,Yes,0
12249,Student_2249,20,4.3,90.9,46.2,7,0,Yes,1
12250,Student_2250,18,3.7,95.1,54.1,4,4,No,1
12251,Student_2251,18,6.4,95.2,86.2,5,1,Yes,1
12252,Student_2252,22,1.1,81.4,76,6,1,Yes,1
12253,Student_2253,21,4.9,54.4,58.7,4,0,Yes,1
12254,Student_2254,21,5.9,83.5,86,5,1,No,1
12255,Student_2255,22,8.5,90.6,86.1,6,0,Yes,1
12256,Student_2256,20,3.8,77,72,3,1,Yes,1
12257,Student_2257,20,5.4,98.9,54.5,10,0,Yes,1
12258,Student_2258,20,1.2,88.3,61.8,9,1,Yes,1
12259,Student_2259,19,0.2,84.8,72.3,7,0,Yes,1
12260,Student_2260,20,6.5,91,65.2,4,0,Yes,1
12261,Student_2261,21,4.8,82,82.1,3,0,Yes,1
12262,Student_2262,20,7.2,48.1,45.1,8,0,Yes,1
12263,Student_2263,22,2.1,72,45.6,9,1,Yes,0
12264,Student_2264,20,5.8,92.4,70.7,2,0,Yes,1
12265,Student_2265,20,8.5,68.3,60.6,7,0,Yes,1
12266,Student_2266,20,5.6,75.3,58.6,8,0,Yes,1
12267,Student_2267,20,5.4,65.5,41.5,10,0,Yes,1
12268,Student_2268,21,4.8,99.4,68.3,4,0,Yes,0
12269,Student_2269,19,1.7,98.2,67.2,3,1,Yes,1
12270,Student_2270,20,7.5,67.4,77.8,6,0,No,1
12271,Student_2271,18,3.6,79.8,69,2,0,Yes,1
12272,Student_2272,19,5.8,69.8,66,7,0,Yes,1
12273,Student_2273,20,1.7,85.4,85.7,10,0,Yes,1
12274,Student_2274,21,2.4,84.1,48.3,10,0,Yes,1
12275,Student_2275,23,7.7,87.7,76,8,0,No,1
12276,Student_2276,20,4.1,82,42.9,8,1,No,1
12277,Student_2277,21,7.7,100,55.4,9,0,Yes,1
12278,Student_2278,20,4.6,65.7,49.8,3,0,Yes,0
12279,Student_2279,20,1.1,57.5,79.7,7,0,Yes,0
12280,Student_2280,18,6.6,73.3,67,6,1,Yes,0
12281,Student_2281,19,3.6,59.2,67.8,6,3,No,0
12282,Student_2282,19,6.2,60.1,51.4,4,0,Yes,1
12283,Student_2283,20,4.9,66,63.5,4,4,Yes,0
12284,Student_2284,18,1.7,66.9,56.5,7,0,Yes,1
12285,Student_2285,18,5.1,66.5,73.8,8,0,Yes,1
12286,Student_2286,19,9.2,84.2,53.1,2,0,Yes,1
12287,Student_2287,23,5.8,71.9,87.9,4,0,No,1
12288,Student_2288,19,4.7,75.8,42.9,2,0,Yes,0
12289,Student_2289,20,7,88.7,55.9,4,0,No,1
12290,Student_2290,19,5.2,68.8,93.2,6,0,Yes,1
12291,Student_2291,20,5.2,74.8,61.5,10,0,Yes,1
12292,Student_2292,19,2.6,82.4,48.3,4,0,Yes,0
12293,Student_2293,19,5.3,54.7,71.3,10,0,Yes,1
12294,Student_2294,20,6.9,49.4,60.9,2,2,Yes,0
12295,Student_2295,17,3.1,82.2,55.5,7,0,Yes,1
12296,Student_2296,17,7.6,83.9,51.6,10,1,Yes,1
12297,Student_2297,19,4.6,100,100,6,0,Yes,1
12298,Student_2298,18,3,79.9,64.2,3,0,Yes,1
12299,Student_2299,18,6.8,87.8,39.1,6,0,Yes,1
12300,Student_2300,19,4.2,75.7,90.4,2,0,Yes,1
12301,Student_2301,21,6.3,81.6,77.2,10,0,Yes,1
12302,Student_2302,20,4.2,98,56.5,10,0,Yes,1
12303,Student_2303,20,4.7,52.5,54,7,0,Yes,1
12304,Student_2304,19,5.8,83,78.1,10,0,Yes,1
12305,Student_2305,23,5.4,100,64.3,4,2,Yes,1
12306,Student_2306,19,0.8,81.4,39.1,5,0,Yes,0
12307,Student_2307,18,2.6,97.8,94.8,7,1,Yes,1
12308,Student_2308,20,6.7,70.4,61.5,5,0,Yes,1
12309,Student_2309,18,4.5,77.6,90.4,2,2,Yes,1
12310,Student_2310,19,3.8,78.4,87.2,8,0,Yes,1
12311,Student_2311,20,2.1,51.4,53,6,0,Yes,1
12312,Student_2312,22,2.6,64,83.5,9,2,Yes,1
12313,Student_2313,20,0.8,64.8,58.2,10,1,Yes,1
12314,Student_2314,21,4.6,87.9,40,6,0,Yes,0
12315,Student_2315,24,3.6,88.5,61.6,9,0,Yes,1
12316,Student_2316,18,2.9,81.9,74,2,1,No,0
12317,Student_2317,19,4.7,87.9,61.1,2,1,Yes,1
12318,Student_2318,19,5.5,76,63.4,8,0,No,1
12319,Student_2319,20,9,92.4,85.2,7,0,Yes,1
12320,Student_2320,20,1.8,78.1,69.6,6,1,Yes,1
12321,Student_2321,22,7.1,78.7,55.4,6,0,Yes,1
12322,Student_2322,21,6.7,74.8,78.5,10,1,Yes,1
12323,Student_2323,20,3.2,86.2,71,2,0,Yes,1
12324,Student_2324,19,5.2,72.9,30.2,9,3,Yes,0
12325,Student_2325,21,3.9,89.7,74.4,3,1,No,1
12326,Student_2326,23,5.2,64.4,73.9,8,1,Yes,1
12327,Student_2327,21,7.8,64.8,68.3,7,0,No,1
12328,Student_2328,17,6,86.2,81.4,3,0,Yes,1
12329,Student_2329,20,5.8,76.9,57.9,4,0,Yes,1
12330,Student_2330,18,3.9,72.6,73,5,1,Yes,0
12331,Student_2331,19,1.8,88.7,44.5,8,1,Yes,1
12332,Student_2332,18,4.4,70.7,74.1,9,0,Yes,1
12333,Student_2333,20,7.2,75.6,97.3,3,0,No,1
12334,Student_2334,21,1.7,94.8,53.1,9,1,Yes,0
12335,Student_2335,18,2.7,96.5,56.6,10,0,Yes,1
12336,Student_2336,19,5.1,96.9,57.3,8,0,Yes,1
12337,Student_2337,20,2.8,74.6,69.9,2,1,Yes,0
12338,Student_2338,19,3.2,92.8,52.1,7,0,Yes,1
12339,Student_2339,18,4,66.6,74.3,9,1,Yes,0
12340,Student_2340,20,2.1,67.1,80.7,6,0,Yes,0
12341,Student_2341,21,2.9,49.8,76,3,4,Yes,0
12342,Student_2342,18,6.2,98.1,41.5,6,0,Yes,1
12343,Student_2343,18,2.2,67.6,82.9,9,0,Yes,1
12344,Student_2344,19,1.6,76.5,82.1,3,0,Yes,1
12345,Student_2345,23,3.5,67.1,80.5,2,0,Yes,1
12346,Student_2346,21,6.3,86.3,73.6,5,0,Yes,1
12347,Student_2347,21,4.4,73.5,71.3,5,0,No,1
12348,Student_2348,19,3.9,62.3,83.5,10,3,No,1
12349,Student_2349,20,4.9,83.3,96.9,4,3,Yes,1
12350,Student_2350,17,1.3,60.8,53.7,5,0,No,1
12351,Student_2351,20,5.8,68,84.2,4,1,Yes,1
12352,Student_2352,22,5.6,52.7,66.7,3,0,Yes,1
12353,Student_2353,20,4,60.9,66.1,5,1,Yes,0
12354,Student_2354,22,6.8,80.1,45,9,1,No,1
12355,Student_2355,21,2.5,54.4,63.7,2,0,Yes,0
12356,Student_2356,18,7.1,60.2,53,9,1,No,1
12357,Student_2357,22,5.1,78,61,9,1,No,1
12358,Student_2358,18,4.1,71.5,51.5,4,0,Yes,1
12359,Student_2359,20,4.8,100,61.3,7,2,Yes,1
12360,Student_2360,18,4.6,100,61.9,5,2,Yes,1
12361,Student_2361,17,7.2,67.6,69.5,2,0,Yes,1
12362,Student_2362,20,2.6,84.7,43.8,2,0,Yes,1
12363,Student_2363,19,3.3,87,46.3,6,4,Yes,0
12364,Student_2364,20,6.9,70.8,73.4,9,0,Yes,1
12365,Student_2365,20,3.6,60.1,56,2,0,Yes,1
12366,Student_2366,18,6.6,77.9,84.1,3,0,Yes,1
12367,Student_2367,18,8.2,75.9,71.4,8,2,Yes,1
12368,Student_2368,20,4,72.8,77.1,9,1,Yes,1
12369,Student_2369,19,6.2,83.3,89.2,4,0,Yes,0
12370,Student_2370,21,2.5,69,63.4,9,4,Yes,0
12371,Student_2371,21,6.3,64.2,59.4,2,1,No,1
12372,Student_2372,22,5.2,79.3,81.1,10,2,Yes,1
12373,Student_2373,21,5.7,82.6,75.6,3,0,Yes,1
12374,Student_2374,20,3.5,63.9,65.2,3,0,No,1
12375,Student_2375,21,1.5,89.1,88.9,5,1,Yes,0
12376,Student_2376,19,5.8,56.8,64.8,4,0,Yes,1
12377,Student_2377,19,0.7,71.1,68.5,5,1,Yes,1
12378,Student_2378,21,4.2,74.9,68.3,7,1,No,1
12379,Student_2379,20,6.7,70.4,54,8,0,No,1
12380,Student_2380,21,5.2,71.2,69.2,6,2,Yes,1
12381,Student_2381,21,8.7,100,89,3,0,Yes,1
12382,Student_2382,22,6.9,67.8,74.7,4,0,No,1
12383,Student_2383,22,3.5,100,68.5,4,0,Yes,1
12384,Student_2384,20,4.9,83.2,65.6,6,0,Yes,1
12385,Student_2385,19,4.7,79.1,73,6,0,Yes,1
12386,Student_2386,20,1.6,83.7,79.2,5,1,Yes,1
12387,Student_2387,19,2.9,100,77.1,9,1,Yes,1
12388,Student_2388,20,3.7,66.1,63,7,0,Yes,1
12389,Student_2389,21,0.7,64.6,72.9,7,1,Yes,0
12390,Student_2390,21,4.9,68.9,75.2,2,0,Yes,0
12391,Student_2391,19,4.3,78.4,52.9,7,0,Yes,0
12392,Student_2392,19,1.5,57.3,70.5,4,1,Yes,0
12393,Student_2393,20,5.6,78.3,35.6,7,1,Yes,0
12394,Student_2394,18,6.2,98.3,75.2,7,1,Yes,1
12395,Student_2395,22,5.3,79.8,77.9,3,0,No,0
12396,Student_2396,19,4.2,74.5,79.2,2,1,Yes,0
12397,Student_2397,19,6,70.6,62.1,4,1,Yes,1
12398,Student_2398,17,6.2,88.8,72.6,6,3,Yes,1
12399,Student_2399,20,5.4,68.1,89.4,5,0,Yes,1
12400,Student_2400,20,3.2,100,89.2,8,0,Yes,1
12401,Student_2401,19,5.4,100,67.6,5,0,Yes,1
12402,Student_2402,18,7.2,81.1,70.1,9,4,Yes,1
12403,Student_2403,20,3.6,77.9,84.7,8,0,No,1
12404,Student_2404,19,9,90.4,45.5,10,0,Yes,1
12405,Student_2405,21,3.7,91.1,63.2,2,0,Yes,1
12406,Student_2406,20,4.9,68.3,88,6,0,Yes,1
12407,Student_2407,19,3.5,71.7,82.6,5,0,Yes,1
12408,Student_2408,19,5.2,62.1,73.5,7,0,Yes,1
12409,Student_2409,24,1.3,82.9,45.4,2,0,Yes,0
12410,Student_2410,20,3.7,86,67.3,7,0,Yes,1
12411,Student_2411,21,2.6,61.8,59.2,2,0,Yes,1
12412,Student_2412,18,5.1,72.5,73,2,0,Yes,1
12413,Student_2413,20,6.8,61.8,55.9,9,0,Yes,1
12414,Student_2414,17,6.1,67.2,52.6,3,3,No,0
12415,Student_2415,20,0.2,84.6,37,7,0,Yes,1
12416,Student_2416,23,8.9,69.2,86.3,7,1,Yes,1
12417,Student_2417,19,5.4,74.4,62,7,0,Yes,1
12418,Student_2418,18,3.2,58.5,70.4,9,2,No,0
12419,Student_2419,18,5.1,80.2,68,5,0,No,1
12420,Student_2420,19,5.2,77.5,52,4,0,Yes,1
12421,Student_2421,19,3.5,69.3,49.1,7,0,No,0
12422,Student_2422,17,5.2,75.7,52.9,5,1,Yes,0
12423,Student_2423,21,3.6,80.2,57.2,3,0,No,1
12424,Student_2424,20,4,68.2,73.5,7,0,Yes,0
12425,Student_2425,19,3.4,60.3,56.1,6,0,Yes,0
12426,Student_2426,22,1.9,99.7,94.2,10,0,Yes,1
12427,Student_2427,18,5.1,70.4,83.4,7,0,Yes,1
12428,Student_2428,23,6,76.8,80.1,4,0,Yes,1
12429,Student_2429,19,5.8,90.1,66.2,6,0,Yes,1
12430,Student_2430,22,6.4,100,90.7,9,0,Yes,1
12431,Student_2431,20,5.4,63.1,64.7,10,1,Yes,1
12432,Student_2432,21,3.7,83.4,67.5,9,0,Yes,1
12433,Student_2433,24,6.5,69.5,70.5,4,0,No,0
12434,Student_2434,19,2.1,71.5,78.5,10,1,No,1
12435,Student_2435,23,3,69.4,77.6,4,1,No,0
12436,Student_2436,19,2.9,64.5,60.9,9,0,Yes,1
12437,Student_2437,19,7,77.5,60,10,2,Yes,1
12438,Student_2438,19,6.7,60.3,77.6,8,0,Yes,1
12439,Student_2439,20,5.8,89.4,78.7,5,0,Yes,1
12440,Student_2440,19,6.9,78.7,62.1,10,3,Yes,0
12441,Student_2441,20,3,83.1,44.2,4,3,Yes,0
12442,Student_2442,20,5.5,72.4,64.9,4,0,No,1
12443,Student_2443,21,4.5,73.6,77.4,3,0,Yes,0
12444,Student_2444,22,6.5,81.5,95.1,4,0,No,1
12445,Student_2445,20,4.6,64,50,2,0,Yes,1
12446,Student_2446,19,4,73.7,61.6,5,0,Yes,1
12447,Student_2447,19,5.9,67.7,62.2,9,0,Yes,1
12448,Student_2448,19,6.6,67.3,88.3,6,3,Yes,1
12449,Student_2449,18,3.5,52.7,67.5,3,2,No,0
12450,Student_2450,19,4.7,94.1,54.4,4,0,Yes,1
12451,Student_2451,19,2.7,69.8,76.4,2,0,Yes,1
12452,Student_2452,23,0.2,92,61.9,3,0,Yes,1
12453,Student_2453,20,5.2,90.8,49.6,2,0,Yes,0
12454,Student_2454,19,6,62.6,54.6,3,0,Yes,1
12455,Student_2455,20,5.3,64.9,94,4,1,Yes,1
12456,Student_2456,18,0.9,100,73.8,2,0,Yes,1
12457,Student_2457,20,4.1,99,69.6,10,2,Yes,1
12458,Student_2458,20,0.4,77.6,64.3,6,1,Yes,0
12459,Student_2459,20,7.5,81.1,72.4,9,0,Yes,1
12460,Student_2460,20,2.6,70.4,72.2,6,0,Yes,0
12461,Student_2461,24,7.3,83.2,72.4,9,1,Yes,1
12462,Student_2462,22,6.7,69.4,69.7,8,2,Yes,1
12463,Student_2463,20,3,53.6,81,5,1,Yes,1
12464,Student_2464,20,2.5,62.1,68.3,8,0,Yes,1
12465,Student_2465,20,5.5,78.3,53.3,7,0,Yes,1
12466,Student_2466,19,3.1,64.4,58.8,4,0,No,0
12467,Student_2467,19,5,77.2,38.3,10,4,Yes,0
12468,Student_2468,18,3.8,65.1,98.4,10,1,Yes,1
12469,Student_2469,20,1.2,68.6,80.9,6,0,Yes,1
12470,Student_2470,20,0.3,88.2,55.5,9,0,Yes,0
12471,Student_2471,19,5.3,81,63.8,8,0,Yes,1
12472,Student_2472,23,3.7,77.9,58.4,10,0,Yes,1
12473,Student_2473,22,3.7,88.5,91.1,8,0,Yes,1
12474,Student_2474,21,6.2,83.8,46.7,5,0,Yes,1
12475,Student_2475,20,7.1,95.4,69.7,5,2,No,1
12476,Student_2476,22,4.3,72.5,66.4,9,1,Yes,1
12477,Student_2477,18,4.1,72.8,80.4,7,0,No,1
12478,Student_2478,21,5.8,62.4,66.4,10,2,No,1
12479,Student_2479,18,2.1,72.9,41.6,8,0,No,1
12480,Student_2480,21,5.2,89.6,64.2,8,0,Yes,1
12481,Student_2481,19,5.9,93.6,53.4,5,0,Yes,1
12482,Student_2482,22,6.2,89.5,69.2,4,0,Yes,0
12483,Student_2483,23,0.9,56.5,89.5,9,0,Yes,1
12484,Student_2484,18,3.3,91,41.9,8,0,Yes,1
12485,Student_2485,20,3,55.9,56,5,1,Yes,0
12486,Student_2486,24,5,88.8,59.7,5,0,No,1
12487,Student_2487,20,5.8,73.6,62.3,2,1,Yes,1
12488,Student_2488,22,7.8,86.4,79.1,8,0,Yes,1
12489,Student_2489,20,3.8,62,65.4,2,1,Yes,1
12490,Student_2490,19,3.8,92.1,74.2,5,1,No,0
12491,Student_2491,19,7.1,60.4,58.6,4,1,Yes,1
12492,Student_2492,19,5.4,70,71.4,4,0,Yes,0
12493,Student_2493,21,7.3,66,79.7,2,1,Yes,1
12494,Student_2494,19,5.4,56.9,57,5,0,Yes,0
12495,Student_2495,20,2.5,79.1,79.7,2,2,Yes,1
12496,Student_2496,20,2.1,99.7,68.8,9,0,Yes,0
12497,Student_2497,20,1.7,100,83.7,2,0,No,0
12498,Student_2498,22,6.1,79.2,65,7,0,Yes,1
12499,Student_2499,24,7.2,91.4,73.7,8,1,Yes,1
12500,Student_2500,20,8.5,80.8,67.4,3,0,Yes,1